systematic_name	cluster_id
Q0010	L.L.R
Q0017	L.L.R
Q0032	L.L.R
Q0045	R.R
Q0050	L.L.L
Q0055	L.L.R
Q0060	L.L.R
Q0065	R.L.L
Q0070	L.L.R
Q0075	R.R
Q0080	L.L.R
Q0085	L.L.R
Q0092	L.L.R
Q0105	L.L.R
Q0110	L.L.R
Q0115	L.L.R
Q0120	L.L.R
Q0130	L.L.R
Q0140	R.R
Q0142	L.L.R
Q0143	R.R
Q0144	L.L.R
Q0160	L.L.R
Q0182	L.L.R
Q0250	L.L.R
Q0255	L.L.R
Q0275	L.L.R
Q0297	L.L.R
YAL001C	R.L.L
YAL002W	R.L.L
YAL003W	L.L.R
YAL004W	R.L.L
YAL005C	L.L.R
YAL007C	L.L.R
YAL008W	R.L.L
YAL009W	L.L.L
YAL010C	L.L.L
YAL011W	R.L.L
YAL012W	L.L.R
YAL013W	L.L.R
YAL014C	R.L.L
YAL015C	L.L.R
YAL016C-A	R.L.L
YAL016C-B	L.L.R
YAL016W	L.L.L
YAL017W	R.L.R
YAL018C	R.R
YAL019W	R.L.L
YAL019W-A	L.L.R
YAL020C	L.L.L
YAL021C	L.L.L
YAL022C	L.R.L.L.R.R
YAL023C	L.L.R
YAL024C	L.L.R
YAL025C	L.R.R.R
YAL026C	L.L.R
YAL026C-A	L.R.L.R.R
YAL027W	R.L.L
YAL028W	R.L.R
YAL029C	L.L.R
YAL030W	L.L.L
YAL031C	R.L.R
YAL031W-A	L.L.R
YAL032C	R.L.L
YAL033W	L.R.L.R.L
YAL034C	R.L.R
YAL034C-B	L.L.R
YAL034W-A	L.L.L
YAL035W	L.L.R
YAL036C	L.R.R.R
YAL037C-A	L.L.R
YAL037C-B	L.L.R
YAL037W	L.L.R
YAL038W	L.L.R
YAL039C	L.L.L
YAL040C	L.R.L.L.L.R
YAL041W	L.L.L
YAL042C-A	R.L.L
YAL042W	L.L.R
YAL043C	L.L.L
YAL044C	L.L.R
YAL044W-A	L.L.R
YAL045C	L.L.R
YAL046C	L.L.R
YAL047C	L.L.L
YAL047W-A	L.L.R
YAL048C	L.L.R
YAL049C	L.L.L
YAL051W	R.L.L
YAL053W	R.L.L
YAL054C	L.L.R
YAL055W	L.L.L
YAL056C-A	L.L.R
YAL056W	L.L.L
YAL058W	L.L.L
YAL059C-A	L.L.R
YAL059W	L.R.R.L
YAL060W	R.L.L
YAL061W	R.L.R
YAL062W	R.L.L
YAL063C	L.R.R.R
YAL063C-A	L.L.R
YAL064C-A	L.L.R
YAL064W	R.R
YAL064W-B	L.L.R
YAL065C	L.L.R
YAL066W	L.L.R
YAL067C	L.L.R
YAL067W-A	L.L.R
YAL068C	L.L.R
YAL068W-A	L.L.R
YAL069W	L.L.R
YAR002C-A	L.L.R
YAR002W	L.R.L.L.R.R
YAR003W	R.L.L
YAR007C	R.L.L
YAR008W	R.L.L
YAR009C	L.L.R
YAR010C	L.L.R
YAR014C	L.R.L.R.R
YAR015W	L.R.L.R.R
YAR018C	L.L.L
YAR019C	R.L.R
YAR019W-A	R.L.L
YAR020C	R.L.L
YAR023C	R.L.R
YAR027W	R.R
YAR028W	R.R
YAR029W	R.R
YAR030C	L.L.R
YAR031W	L.L.R
YAR033W	L.L.L
YAR035C-A	L.L.R
YAR035W	L.L.R
YAR042W	L.L.R
YAR047C	L.L.R
YAR050W	L.L.R
YAR053W	L.L.R
YAR060C	L.L.R
YAR061W	L.L.R
YAR064W	L.L.R
YAR066W	L.L.R
YAR068W	L.L.R
YAR069C	L.L.R
YAR070C	L.L.R
YAR071W	L.R.L.R.R
YAR073W	R.R
YAR075W	L.L.R
YBL001C	L.L.R
YBL002W	L.L.R
YBL003C	L.L.R
YBL004W	L.R.R.L
YBL005W	L.L.L
YBL005W-A	L.L.L
YBL005W-B	L.L.R
YBL006C	L.L.L
YBL006W-A	R.L.L
YBL007C	R.L.R
YBL008W	R.L.L
YBL008W-A	L.L.R
YBL009W	L.L.R
YBL010C	L.L.L
YBL011W	L.L.R
YBL012C	L.L.R
YBL013W	L.L.L
YBL014C	R.R
YBL015W	R.L.R
YBL016W	R.R
YBL017C	R.L.L
YBL018C	L.R.L.R.L
YBL019W	R.L.L
YBL020W	L.L.R
YBL021C	L.L.L
YBL022C	L.L.L
YBL023C	L.L.L
YBL024W	L.R.L.L.L.R
YBL025W	R.L.L
YBL026W	L.L.L
YBL027W	L.L.R
YBL028C	L.R.R.R
YBL029C-A	R.L.L
YBL029W	L.R.R.L
YBL030C	L.L.R
YBL031W	L.R.L.R.L
YBL032W	L.L.R
YBL033C	R.L.L
YBL034C	L.L.R
YBL035C	L.L.R
YBL036C	L.R.L.R.R
YBL037W	L.L.L
YBL038W	L.L.L
YBL039C	L.R.R.R
YBL039C-A	L.L.R
YBL039W-B	R.L.L
YBL040C	R.L.L
YBL041W	L.L.R
YBL042C	L.R.R.L
YBL043W	L.L.R
YBL044W	L.L.R
YBL045C	L.L.R
YBL046W	R.R
YBL047C	R.L.R
YBL048W	R.R
YBL049W	R.R
YBL050W	R.L.L
YBL051C	L.L.R
YBL052C	L.L.R
YBL053W	L.L.R
YBL054W	L.R.R.L
YBL055C	L.L.R
YBL056W	R.L.L
YBL057C	L.L.R
YBL058W	R.L.L
YBL059C-A	L.L.L
YBL059W	L.L.L
YBL060W	R.L.L
YBL061C	R.L.L
YBL062W	L.L.R
YBL063W	L.L.R
YBL064C	L.L.R
YBL065W	R.R
YBL066C	R.L.L
YBL067C	L.L.R
YBL068W	L.R.R.L
YBL068W-A	L.L.R
YBL069W	L.L.R
YBL070C	L.L.R
YBL071C	L.L.R
YBL071C-B	L.L.R
YBL071W-A	L.L.R
YBL072C	L.L.R
YBL073W	L.L.R
YBL074C	R.R
YBL075C	R.L.R
YBL076C	L.R.L.R.R
YBL077W	L.L.R
YBL078C	R.L.R
YBL079W	L.L.R
YBL080C	L.L.R
YBL081W	L.L.L
YBL082C	L.R.R.L
YBL083C	L.R.R.L
YBL084C	R.L.L
YBL085W	R.R
YBL086C	R.L.R
YBL087C	L.L.R
YBL088C	L.L.R
YBL089W	L.L.L
YBL090W	L.L.L
YBL091C	L.L.R
YBL091C-A	L.L.R
YBL092W	L.L.R
YBL093C	R.L.L
YBL094C	R.R
YBL095W	L.L.R
YBL096C	R.R
YBL097W	L.L.R
YBL098W	L.R.L.R.R
YBL099W	L.L.R
YBL100C	L.L.R
YBL100W-A	L.L.R
YBL100W-B	R.L.L
YBL100W-C	L.L.R
YBL101C	R.L.R
YBL102W	L.L.L
YBL103C	L.L.R
YBL104C	L.L.L
YBL105C	L.L.R
YBL106C	L.L.R
YBL107C	L.L.L
YBL107W-A	L.L.R
YBL108C-A	L.L.R
YBL108W	L.L.R
YBL109W	L.L.R
YBL111C	L.L.R
YBL112C	L.L.R
YBL113C	R.L.L
YBL113W-A	L.L.R
YBR001C	R.L.R
YBR002C	L.L.R
YBR003W	L.L.R
YBR004C	R.R
YBR005W	R.R
YBR006W	R.L.R
YBR007C	R.R
YBR008C	R.L.L
YBR009C	L.L.R
YBR010W	L.L.R
YBR011C	L.L.R
YBR012C	R.R
YBR012W-A	L.L.R
YBR012W-B	L.L.R
YBR013C	R.R
YBR014C	L.R.L.R.R
YBR015C	L.L.R
YBR016W	R.L.L
YBR017C	L.R.L.R.R
YBR018C	R.R
YBR019C	R.L.L
YBR020W	L.L.R
YBR021W	L.L.R
YBR022W	R.L.L
YBR023C	L.L.R
YBR024W	L.L.R
YBR025C	L.L.R
YBR026C	L.L.L
YBR027C	L.L.R
YBR028C	L.L.R
YBR029C	L.L.L
YBR030W	L.L.R
YBR031W	L.L.R
YBR032W	L.L.R
YBR033W	L.L.R
YBR034C	L.R.R.L
YBR035C	L.L.R
YBR036C	R.L.L
YBR037C	L.L.L
YBR038W	L.R.L.R.R
YBR039W	L.L.R
YBR040W	R.L.L
YBR041W	L.L.L
YBR042C	L.L.R
YBR043C	L.L.R
YBR044C	L.L.L
YBR045C	R.L.L
YBR046C	L.L.L
YBR047W	L.R.L.R.L
YBR048W	L.L.R
YBR049C	L.L.L
YBR050C	R.L.L
YBR051W	R.L.L
YBR052C	R.L.L
YBR053C	L.L.R
YBR054W	L.L.L
YBR055C	L.L.R
YBR056C-B	R.L.L
YBR056W	R.L.R
YBR056W-A	R.L.L
YBR057C	L.L.R
YBR058C	L.L.R
YBR058C-A	L.L.R
YBR059C	R.L.R
YBR060C	L.L.R
YBR061C	L.R.L.L.R.L
YBR062C	R.L.L
YBR063C	R.L.L
YBR064W	L.L.R
YBR065C	R.L.L
YBR066C	R.R
YBR067C	R.L.R
YBR068C	L.L.R
YBR069C	L.R.R.R
YBR070C	R.R
YBR071W	R.R
YBR072C-A	R.R
YBR072W	R.L.R
YBR073W	R.R
YBR074W	L.R.L.L.R.R
YBR076C-A	R.R
YBR076W	R.R
YBR077C	R.L.L
YBR078W	L.L.R
YBR079C	L.R.L.R.R
YBR080C	L.L.L
YBR081C	R.L.L
YBR082C	L.L.R
YBR083W	R.R
YBR084C-A	L.L.R
YBR084W	L.R.L.L.L.L.L
YBR085C-A	L.L.R
YBR085W	L.R.R.L
YBR086C	L.L.R
YBR087W	L.R.L.R.L
YBR088C	L.L.R
YBR089C-A	L.L.R
YBR089W	L.L.R
YBR090C	R.L.L
YBR091C	L.L.L
YBR092C	L.R.L.L.L.L.L
YBR093C	R.L.L
YBR094W	L.R.L.L.L.R
YBR095C	R.L.L
YBR096W	L.L.L
YBR097W	L.L.R
YBR098W	R.L.L
YBR099C	R.R
YBR101C	R.L.L
YBR102C	R.L.L
YBR103C-A	R.L.L
YBR103W	R.R
YBR104W	L.R.R.L
YBR105C	R.L.L
YBR106W	L.L.R
YBR107C	L.L.R
YBR108W	R.L.R
YBR109C	L.L.R
YBR109W-A	L.L.R
YBR110W	L.L.L
YBR111C	L.L.R
YBR111W-A	L.L.L
YBR112C	R.L.L
YBR113W	L.L.R
YBR114W	R.R
YBR115C	L.R.L.R.L
YBR116C	R.L.R
YBR117C	R.L.R
YBR118W	L.L.R
YBR119W	L.L.R
YBR120C	L.L.L
YBR121C	L.R.L.R.R
YBR121C-A	L.L.R
YBR122C	L.L.L
YBR123C	L.L.L
YBR124W	R.L.L
YBR125C	L.R.L.R.L
YBR126C	R.L.L
YBR126W-A	L.L.R
YBR126W-B	L.L.R
YBR127C	L.L.R
YBR128C	R.L.L
YBR129C	R.L.L
YBR130C	L.R.L.L.R.R
YBR131C-A	L.L.R
YBR131W	R.L.L
YBR132C	R.L.R
YBR133C	L.L.R
YBR134W	R.L.L
YBR135W	L.L.R
YBR136W	L.L.R
YBR137W	R.L.L
YBR138C	L.L.R
YBR139W	R.L.R
YBR140C	L.L.R
YBR141C	L.R.L.R.L
YBR141W-A	L.L.R
YBR142W	L.R.R.R
YBR143C	L.L.L
YBR144C	L.L.R
YBR145W	L.L.R
YBR146W	L.L.L
YBR147W	L.L.L
YBR148W	L.L.R
YBR149W	L.L.R
YBR150C	R.R
YBR151W	L.L.R
YBR152W	R.L.L
YBR153W	L.L.R
YBR154C	L.R.L.R.L
YBR155W	L.R.R.L
YBR156C	L.L.R
YBR157C	R.L.L
YBR158W	R.L.L
YBR159W	L.L.R
YBR160W	R.L.L
YBR161W	R.R
YBR162C	L.L.R
YBR162W-A	L.L.R
YBR163W	R.R
YBR164C	L.L.R
YBR165W	R.L.L
YBR166C	L.R.L.L.R.R
YBR167C	L.L.L
YBR168W	L.L.R
YBR169C	R.L.R
YBR170C	R.L.R
YBR171W	L.L.R
YBR172C	R.L.L
YBR173C	L.L.R
YBR174C	R.L.L
YBR175W	R.L.L
YBR176W	L.L.L
YBR177C	L.L.L
YBR178W	R.L.L
YBR179C	L.L.L
YBR180W	L.L.R
YBR181C	L.L.R
YBR182C	R.R
YBR182C-A	R.R
YBR183W	R.L.R
YBR184W	L.L.R
YBR185C	L.L.L
YBR186W	L.L.R
YBR187W	L.R.R.L
YBR188C	L.R.L.R.R
YBR189W	L.R.L.R.R
YBR190W	L.L.R
YBR191W	L.L.R
YBR191W-A	L.L.R
YBR192W	L.L.L
YBR193C	L.L.R
YBR194W	L.L.L
YBR195C	L.L.R
YBR196C	L.L.R
YBR196C-A	R.L.L
YBR196C-B	L.L.R
YBR197C	R.L.L
YBR198C	L.L.L
YBR199W	R.L.L
YBR200W	L.L.R
YBR200W-A	R.L.L
YBR201C-A	R.R
YBR201W	R.L.L
YBR202W	L.R.R.L
YBR203W	R.L.R
YBR204C	R.L.R
YBR205W	L.R.L.L.R.R
YBR206W	L.L.L
YBR207W	R.L.L
YBR208C	L.L.R
YBR209W	L.L.R
YBR210W	L.R.L.L.R.L
YBR211C	R.L.L
YBR212W	L.L.L
YBR213W	L.L.R
YBR214W	R.L.R
YBR215W	R.L.L
YBR216C	L.L.L
YBR217W	L.L.R
YBR218C	L.R.L.R.R
YBR219C	L.L.R
YBR220C	L.R.L.R.L
YBR221C	L.L.L
YBR221W-A	L.L.R
YBR222C	L.L.R
YBR223C	L.L.L
YBR223W-A	L.L.R
YBR224W	L.L.R
YBR225W	R.L.L
YBR226C	L.L.R
YBR227C	L.L.L
YBR228W	L.L.R
YBR229C	L.L.L
YBR230C	L.L.L
YBR230W-A	L.L.R
YBR231C	L.L.L
YBR232C	L.L.R
YBR233W	R.L.L
YBR233W-A	L.L.L
YBR234C	L.L.L
YBR235W	L.L.L
YBR236C	L.L.L
YBR237W	R.L.L
YBR238C	L.R.L.R.L
YBR239C	L.L.R
YBR240C	L.L.R
YBR241C	L.L.L
YBR242W	L.R.R.L
YBR243C	L.L.L
YBR244W	L.L.R
YBR245C	L.L.R
YBR246W	L.L.R
YBR247C	L.R.R.L
YBR248C	L.R.L.L.L.L.R.L
YBR249C	L.R.L.L.L.L.R.L
YBR250W	R.R
YBR251W	L.L.L
YBR252W	L.L.R
YBR253W	L.L.R
YBR254C	L.L.L
YBR255C-A	L.L.L
YBR255W	R.L.L
YBR256C	L.L.R
YBR257W	L.L.R
YBR258C	L.L.L
YBR259W	L.L.R
YBR260C	R.L.L
YBR261C	L.L.L
YBR262C	L.L.R
YBR263W	L.L.R
YBR264C	L.L.L
YBR265W	L.R.L.R.R
YBR266C	L.L.R
YBR267W	L.R.R.L
YBR268W	L.L.L
YBR269C	L.L.L
YBR270C	L.L.R
YBR271W	L.R.R.L
YBR272C	L.L.L
YBR273C	L.L.L
YBR274W	L.L.R
YBR275C	L.L.R
YBR276C	L.L.R
YBR277C	L.L.R
YBR278W	R.L.L
YBR279W	R.L.L
YBR280C	R.L.R
YBR281C	L.L.L
YBR282W	L.L.L
YBR283C	L.L.R
YBR284W	R.R
YBR285W	R.L.R
YBR286W	L.L.R
YBR287W	R.L.L
YBR288C	L.L.R
YBR289W	L.L.R
YBR290W	R.L.L
YBR291C	L.L.R
YBR292C	L.L.R
YBR293W	R.L.L
YBR294W	L.L.R
YBR295W	R.L.L
YBR296C	R.L.L
YBR296C-A	L.L.R
YBR297W	L.L.R
YBR298C	R.R
YBR298C-A	L.L.R
YBR299W	L.L.R
YBR300C	L.L.R
YBR301W	L.L.R
YBR302C	L.L.R
YCL001W	L.L.R
YCL001W-A	L.L.R
YCL001W-B	R.L.L
YCL002C	L.L.R
YCL004W	L.L.L
YCL005W	L.L.R
YCL005W-A	L.L.R
YCL007C	R.L.L
YCL008C	L.R.L.L.R.R
YCL009C	L.L.R
YCL010C	R.L.L
YCL011C	L.L.R
YCL012C	L.L.R
YCL014W	L.L.R
YCL016C	L.L.L
YCL017C	R.L.L
YCL018W	L.L.L
YCL019W	R.L.L
YCL020W	L.L.R
YCL021W-A	L.L.R
YCL022C	L.L.R
YCL023C	L.L.R
YCL024W	L.L.R
YCL025C	L.L.L
YCL026C-A	L.L.R
YCL026C-B	R.L.L
YCL027W	R.L.L
YCL028W	L.L.L
YCL029C	L.L.L
YCL030C	L.L.R
YCL031C	L.L.R
YCL032W	L.L.L
YCL033C	L.L.L
YCL034W	R.L.L
YCL035C	L.L.R
YCL036W	L.R.R.L
YCL037C	L.R.R.R
YCL038C	R.L.L
YCL039W	R.L.L
YCL040W	R.L.R
YCL041C	R.L.L
YCL042W	R.R
YCL043C	L.L.R
YCL044C	R.L.L
YCL045C	L.L.R
YCL046W	R.L.L
YCL047C	L.L.R
YCL048W	L.L.R
YCL048W-A	R.L.L
YCL049C	L.L.L
YCL050C	R.L.L
YCL051W	R.L.R
YCL052C	R.L.R
YCL054W	L.R.R.L
YCL054W-A	L.L.R
YCL055W	R.L.L
YCL056C	L.L.R
YCL057C-A	L.L.R
YCL057W	L.L.L
YCL058C	L.L.R
YCL058W-A	L.R.R.L
YCL059C	L.R.R.R
YCL061C	L.L.R
YCL063W	L.L.L
YCL064C	L.L.L
YCL065W	L.L.R
YCL066W	R.L.L
YCL067C	R.L.L
YCL068C	L.L.R
YCL069W	L.L.R
YCL073C	L.L.R
YCL074W	L.L.R
YCL075W	L.L.R
YCL076W	L.L.R
YCR001W	L.L.R
YCR002C	L.L.L
YCR003W	L.L.L
YCR004C	L.L.L
YCR005C	R.L.L
YCR006C	R.R
YCR007C	R.R
YCR008W	R.L.L
YCR009C	R.L.L
YCR010C	R.L.L
YCR011C	R.L.L
YCR012W	L.L.R
YCR013C	R.L.L
YCR014C	R.R
YCR015C	L.R.L.R.R
YCR016W	L.R.R.R
YCR017C	L.L.L
YCR018C	L.L.R
YCR018C-A	L.L.R
YCR019W	L.L.L
YCR020C	L.R.R.L
YCR020C-A	L.L.R
YCR020W-B	L.L.R
YCR021C	R.R
YCR022C	L.L.R
YCR023C	L.R.L.L.R.R
YCR024C	L.L.L
YCR024C-A	L.L.R
YCR024C-B	L.L.R
YCR025C	L.L.R
YCR026C	L.L.L
YCR027C	L.L.L
YCR028C	L.L.R
YCR028C-A	L.L.L
YCR030C	L.L.L
YCR031C	L.L.R
YCR032W	L.L.R
YCR033W	R.R
YCR034W	L.R.L.L.L.L.R.L
YCR035C	L.L.L
YCR036W	L.L.L
YCR037C	L.L.L
YCR038C	R.L.L
YCR038W-A	L.L.R
YCR041W	R.L.L
YCR042C	L.L.R
YCR043C	L.L.L
YCR044C	L.L.L
YCR045C	R.L.L
YCR045W-A	L.L.R
YCR046C	L.L.L
YCR047C	L.R.R.L
YCR047W-A	R.L.L
YCR048W	R.L.L
YCR049C	L.L.R
YCR050C	L.L.R
YCR051W	L.R.L.R.L
YCR052W	L.L.L
YCR053W	L.L.R
YCR054C	L.L.R
YCR057C	L.R.R.L
YCR059C	L.R.R.L
YCR060W	L.L.L
YCR061W	L.L.L
YCR063W	R.R
YCR064C	L.L.R
YCR065W	L.R.L.R.R
YCR066W	L.L.R
YCR067C	L.L.L
YCR068W	R.L.L
YCR069W	R.L.L
YCR071C	L.L.R
YCR072C	L.R.R.L
YCR073C	R.L.L
YCR073W-A	L.L.L
YCR075C	L.R.L.L.R.R
YCR075W-A	L.L.L
YCR076C	L.L.L
YCR077C	L.L.L
YCR079W	R.L.R
YCR081C-A	R.L.L
YCR081W	L.L.R
YCR082W	R.L.L
YCR083W	R.L.L
YCR084C	L.L.R
YCR085W	L.L.R
YCR086W	L.L.L
YCR087C-A	L.R.R.L
YCR087W	L.L.R
YCR088W	L.L.L
YCR089W	L.L.R
YCR090C	L.R.L.R.R
YCR091W	R.L.R
YCR092C	L.L.R
YCR093W	L.L.R
YCR094W	L.R.L.L.R.R
YCR095C	R.L.L
YCR095W-A	R.L.L
YCR096C	R.R
YCR097W	R.L.L
YCR097W-A	L.L.R
YCR098C	L.L.R
YCR099C	R.L.L
YCR100C	R.L.L
YCR101C	R.L.L
YCR102C	R.L.L
YCR102W-A	R.R
YCR104W	R.R
YCR105W	R.R
YCR106W	L.L.R
YCR107W	L.R.R.L
YCR108C	L.L.R
YDL001W	L.L.R
YDL002C	L.L.R
YDL003W	L.R.R.L
YDL004W	L.L.R
YDL005C	R.L.L
YDL006W	R.L.L
YDL007C-A	L.L.R
YDL007W	R.L.L
YDL008W	R.L.L
YDL009C	R.L.L
YDL010W	R.R
YDL011C	R.L.L
YDL012C	L.L.R
YDL013W	R.R
YDL014W	L.R.R.L
YDL015C	L.L.R
YDL016C	L.L.R
YDL017W	R.L.L
YDL018C	L.L.L
YDL019C	R.L.R
YDL020C	R.L.L
YDL021W	R.L.L
YDL022C-A	R.L.L
YDL022W	L.L.R
YDL023C	L.L.R
YDL024C	R.L.L
YDL025C	R.L.R
YDL025W-A	L.L.R
YDL026W	R.R
YDL027C	L.L.L
YDL028C	L.L.R
YDL029W	L.L.R
YDL030W	L.L.R
YDL031W	L.R.R.L
YDL032W	R.L.L
YDL033C	L.L.R
YDL034W	R.R
YDL035C	R.R
YDL036C	L.R.R.L
YDL037C	R.R
YDL039C	R.R
YDL040C	L.R.L.R.R
YDL041W	L.L.R
YDL042C	L.L.R
YDL043C	L.L.L
YDL044C	L.L.R
YDL045C	R.L.L
YDL045W-A	L.L.R
YDL046W	L.L.R
YDL047W	R.L.L
YDL048C	R.L.R
YDL049C	R.L.L
YDL050C	L.L.R
YDL051W	L.R.R.L
YDL052C	L.L.R
YDL053C	L.L.R
YDL054C	L.L.L
YDL055C	L.L.R
YDL056W	R.L.L
YDL057W	R.L.L
YDL058W	L.L.R
YDL059C	R.R
YDL060W	L.R.R.R
YDL061C	L.L.R
YDL062W	L.L.R
YDL063C	L.R.R.L
YDL064W	L.L.L
YDL065C	R.L.L
YDL066W	L.L.R
YDL067C	L.L.R
YDL068W	L.L.R
YDL069C	R.L.L
YDL070W	R.L.L
YDL071C	R.R
YDL072C	R.L.L
YDL073W	L.L.R
YDL074C	L.L.R
YDL075W	L.L.R
YDL076C	R.L.L
YDL077C	R.L.L
YDL078C	L.L.R
YDL079C	L.L.L
YDL080C	L.R.L.R.R
YDL081C	L.L.R
YDL082W	L.R.L.R.R
YDL083C	L.L.R
YDL084W	L.L.R
YDL085C-A	L.L.R
YDL085W	L.L.R
YDL086C-A	L.L.R
YDL086W	L.L.R
YDL087C	R.L.L
YDL088C	L.L.R
YDL089W	R.R
YDL090C	R.L.L
YDL091C	R.L.R
YDL092W	L.L.R
YDL093W	R.R
YDL094C	R.L.L
YDL095W	L.L.R
YDL096C	R.L.L
YDL097C	L.L.R
YDL098C	L.L.R
YDL099W	R.L.L
YDL100C	L.L.R
YDL101C	R.L.L
YDL102W	L.L.R
YDL103C	L.L.L
YDL104C	L.L.L
YDL105W	L.L.R
YDL106C	R.L.R
YDL107W	L.L.R
YDL108W	R.L.L
YDL109C	R.L.L
YDL110C	R.L.L
YDL111C	L.L.L
YDL112W	L.R.L.R.L
YDL113C	R.L.R
YDL114W	R.L.L
YDL114W-A	L.L.R
YDL115C	R.L.L
YDL116W	L.L.L
YDL117W	L.L.R
YDL118W	L.L.R
YDL119C	L.L.L
YDL120W	L.L.R
YDL121C	L.R.L.L.L.R
YDL122W	L.L.R
YDL123W	R.R
YDL124W	R.L.R
YDL125C	L.L.R
YDL126C	L.L.R
YDL127W	L.L.R
YDL128W	L.L.L
YDL129W	R.R
YDL130W	L.L.R
YDL130W-A	L.L.R
YDL131W	L.L.R
YDL132W	R.L.L
YDL133C-A	L.L.R
YDL133W	R.R
YDL134C	L.L.R
YDL135C	L.L.L
YDL136W	L.L.R
YDL137W	L.L.R
YDL138W	R.L.L
YDL139C	R.L.L
YDL140C	R.L.L
YDL141W	L.L.L
YDL142C	L.L.L
YDL143W	L.L.R
YDL144C	L.L.L
YDL145C	L.L.R
YDL146W	R.R
YDL147W	R.L.L
YDL148C	L.R.R.R
YDL149W	R.L.L
YDL150W	L.R.R.R
YDL151C	L.L.R
YDL152W	L.L.R
YDL153C	L.R.R.R
YDL154W	L.L.R
YDL155W	L.L.R
YDL156W	R.L.L
YDL157C	L.L.R
YDL158C	L.L.L
YDL159C-B	R.L.L
YDL159W	R.L.L
YDL159W-A	L.L.R
YDL160C	R.L.L
YDL160C-A	L.L.R
YDL161W	L.L.R
YDL162C	L.L.R
YDL163W	L.L.R
YDL164C	R.L.L
YDL165W	L.L.R
YDL166C	L.L.L
YDL167C	L.R.R.L
YDL168W	R.L.L
YDL169C	R.L.R
YDL170W	L.L.R
YDL171C	L.R.R.L
YDL172C	L.L.R
YDL173W	R.L.L
YDL174C	L.L.R
YDL175C	R.R
YDL176W	L.L.R
YDL177C	R.L.L
YDL178W	L.L.L
YDL179W	L.L.L
YDL180W	R.L.L
YDL181W	L.L.R
YDL182W	L.R.L.R.L
YDL183C	L.L.R
YDL184C	L.L.R
YDL185C-A	L.L.R
YDL185W	L.L.R
YDL186W	L.L.R
YDL187C	L.L.R
YDL188C	L.L.L
YDL189W	L.L.R
YDL190C	L.L.R
YDL191W	L.L.R
YDL192W	L.L.R
YDL193W	R.L.R
YDL194W	L.L.R
YDL195W	R.L.L
YDL196W	R.L.L
YDL197C	R.R
YDL198C	L.R.L.R.L
YDL199C	R.L.R
YDL200C	L.L.L
YDL201W	L.R.R.L
YDL202W	L.R.L.L.R.R
YDL203C	L.L.R
YDL204W	R.L.R
YDL204W-A	L.L.R
YDL205C	L.R.L.R.R
YDL206W	R.L.L
YDL207W	L.R.L.R.R
YDL208W	L.R.R.L
YDL209C	L.L.L
YDL210W	L.L.R
YDL211C	L.L.R
YDL212W	L.L.R
YDL213C	L.R.R.L
YDL214C	R.L.L
YDL215C	R.L.L
YDL216C	L.L.L
YDL217C	L.L.R
YDL218W	R.L.L
YDL219W	L.R.L.R.R
YDL220C	L.L.R
YDL221W	L.L.R
YDL222C	R.L.R
YDL223C	R.L.R
YDL224C	L.L.R
YDL225W	L.L.R
YDL226C	L.L.L
YDL227C	L.L.R
YDL228C	L.L.R
YDL229W	L.R.L.R.R
YDL230W	L.L.L
YDL231C	L.L.L
YDL232W	L.L.R
YDL233W	R.L.R
YDL234C	R.R
YDL235C	L.L.L
YDL236W	L.L.L
YDL237W	L.L.L
YDL238C	R.L.R
YDL239C	R.L.L
YDL240C-A	L.L.R
YDL240W	L.L.R
YDL241W	L.R.R.L
YDL242W	L.L.R
YDL243C	R.L.L
YDL244W	L.L.R
YDL245C	L.L.R
YDL246C	L.L.R
YDL247W	L.L.R
YDL247W-A	L.L.R
YDL248W	L.L.R
YDR001C	R.L.R
YDR002W	L.L.R
YDR003W	R.L.R
YDR003W-A	L.L.R
YDR004W	R.L.L
YDR005C	R.L.L
YDR006C	R.L.L
YDR007W	L.L.R
YDR008C	L.L.R
YDR009W	L.L.R
YDR010C	L.L.R
YDR011W	R.L.L
YDR012W	L.L.R
YDR013W	R.L.L
YDR014W	R.L.L
YDR014W-A	R.L.L
YDR015C	L.L.R
YDR016C	L.L.R
YDR017C	R.L.L
YDR018C	R.L.L
YDR019C	L.L.R
YDR020C	L.R.L.R.L
YDR021W	L.R.R.L
YDR022C	L.L.R
YDR023W	L.R.L.L.L.R
YDR024W	L.L.R
YDR025W	L.L.R
YDR026C	R.L.L
YDR027C	R.L.R
YDR028C	R.L.L
YDR029W	R.L.L
YDR030C	L.L.R
YDR031W	L.L.L
YDR032C	L.L.L
YDR033W	L.L.R
YDR034C	R.L.L
YDR034C-A	R.R
YDR034C-C	L.L.R
YDR034C-D	R.R
YDR034W-B	R.L.R
YDR035W	L.L.R
YDR036C	R.L.R
YDR037W	L.R.L.L.L.L.R.L
YDR038C	L.L.R
YDR039C	L.L.R
YDR040C	L.L.R
YDR041W	L.R.L.R.R
YDR042C	R.R
YDR043C	R.R
YDR044W	L.L.R
YDR045C	L.R.R.L
YDR046C	L.R.L.L.R.L
YDR047W	L.L.R
YDR048C	R.L.L
YDR049W	L.L.R
YDR050C	L.L.R
YDR051C	L.L.L
YDR052C	L.L.R
YDR053W	L.L.R
YDR054C	R.L.L
YDR055W	L.L.L
YDR056C	L.L.R
YDR057W	L.L.L
YDR058C	L.L.R
YDR059C	R.L.L
YDR060W	L.R.R.R
YDR061W	L.L.R
YDR062W	R.L.L
YDR063W	L.L.R
YDR064W	L.L.R
YDR065W	L.L.L
YDR066C	L.L.R
YDR067C	R.L.L
YDR068W	L.L.R
YDR069C	R.L.R
YDR070C	R.L.R
YDR071C	L.L.R
YDR072C	L.L.R
YDR073W	R.L.L
YDR074W	R.L.R
YDR075W	L.L.L
YDR076W	L.L.R
YDR077W	L.L.R
YDR078C	R.L.L
YDR079C-A	L.L.R
YDR079W	L.L.R
YDR080W	L.L.R
YDR081C	L.L.R
YDR082W	R.L.L
YDR083W	L.R.R.R
YDR084C	L.L.R
YDR085C	R.L.L
YDR086C	L.L.R
YDR087C	L.R.R.R
YDR088C	R.L.L
YDR089W	R.L.L
YDR090C	L.L.L
YDR091C	L.R.R.R
YDR092W	L.L.L
YDR093W	L.L.R
YDR094W	L.L.R
YDR095C	L.L.R
YDR096W	R.L.R
YDR097C	L.L.R
YDR098C	L.L.R
YDR098C-A	L.L.R
YDR098C-B	R.L.L
YDR099W	L.L.R
YDR100W	L.L.L
YDR101C	L.R.R.R
YDR102C	L.L.R
YDR103W	L.L.R
YDR104C	L.L.R
YDR105C	L.L.R
YDR106W	L.L.R
YDR107C	L.L.L
YDR108W	L.L.L
YDR109C	L.L.R
YDR110W	R.L.L
YDR111C	R.L.L
YDR112W	L.L.R
YDR113C	L.L.R
YDR114C	R.L.L
YDR115W	L.L.R
YDR116C	L.L.L
YDR117C	L.L.L
YDR118W	L.L.R
YDR118W-A	L.L.R
YDR119W	L.R.L.L.L.R
YDR119W-A	L.L.R
YDR120C	L.R.R.R
YDR121W	L.L.L
YDR122W	R.L.R
YDR123C	R.R
YDR124W	L.L.R
YDR125C	L.L.R
YDR126W	L.L.R
YDR127W	L.R.L.L.L.L.R.L
YDR128W	L.L.R
YDR129C	R.L.L
YDR130C	L.L.L
YDR131C	R.L.L
YDR132C	R.L.L
YDR133C	L.L.R
YDR134C	L.L.R
YDR135C	L.L.R
YDR136C	L.L.R
YDR137W	L.L.R
YDR138W	R.L.L
YDR139C	L.L.R
YDR140W	L.L.R
YDR141C	R.L.L
YDR142C	L.L.L
YDR143C	L.L.R
YDR144C	L.R.L.R.L
YDR145W	R.L.L
YDR146C	L.R.L.R.R
YDR147W	L.L.R
YDR148C	L.L.R
YDR149C	L.L.R
YDR150W	R.L.L
YDR151C	R.L.L
YDR152W	L.L.R
YDR153C	L.L.R
YDR154C	L.L.R
YDR155C	L.L.R
YDR156W	L.L.R
YDR157W	L.L.R
YDR158W	L.R.L.R.R
YDR159W	R.L.L
YDR160W	R.L.L
YDR161W	L.R.R.R
YDR162C	L.L.R
YDR163W	L.L.R
YDR164C	L.L.L
YDR165W	L.R.R.R
YDR166C	R.L.L
YDR167W	L.L.L
YDR168W	R.L.L
YDR169C	R.L.L
YDR169C-A	R.L.L
YDR170C	L.L.R
YDR170W-A	L.L.L
YDR171W	R.L.L
YDR172W	L.R.L.R.R
YDR173C	R.R
YDR174W	L.L.R
YDR175C	L.L.L
YDR176W	L.R.L.R.R
YDR177W	L.L.R
YDR178W	R.L.L
YDR179C	R.R
YDR179W-A	L.L.R
YDR180W	L.L.R
YDR181C	L.L.R
YDR182W	L.L.L
YDR182W-A	R.R
YDR183C-A	L.R.R.L
YDR183W	R.L.L
YDR184C	L.R.R.L
YDR185C	R.L.L
YDR186C	R.R
YDR187C	L.L.R
YDR188W	L.L.R
YDR189W	L.L.R
YDR190C	L.R.L.R.L
YDR191W	L.L.L
YDR192C	L.L.L
YDR193W	R.L.L
YDR194C	L.L.R
YDR194W-A	R.L.L
YDR195W	R.R
YDR196C	L.L.L
YDR197W	L.R.L.L.R.R
YDR198C	L.L.R
YDR199W	L.L.R
YDR200C	R.L.L
YDR201W	L.L.L
YDR202C	R.L.R
YDR203W	L.L.R
YDR204W	R.L.R
YDR205W	L.L.L
YDR206W	L.R.R.L
YDR207C	R.R
YDR208W	R.L.L
YDR209C	R.L.L
YDR210C-C	L.L.R
YDR210C-D	R.L.L
YDR210W	R.L.L
YDR210W-A	L.L.R
YDR210W-B	R.L.L
YDR211W	L.L.R
YDR212W	L.L.L
YDR213W	R.R
YDR214W	L.L.R
YDR215C	R.L.L
YDR216W	R.R
YDR217C	R.L.L
YDR218C	R.L.L
YDR219C	R.L.L
YDR220C	L.L.R
YDR221W	L.L.L
YDR222W	L.R.R.L
YDR223W	R.R
YDR224C	L.L.R
YDR225W	L.L.R
YDR226W	L.L.R
YDR227W	R.L.L
YDR228C	L.L.R
YDR229W	L.L.R
YDR230W	L.L.R
YDR231C	R.L.L
YDR232W	L.L.R
YDR233C	L.L.R
YDR234W	L.R.R.L
YDR235W	L.L.R
YDR236C	R.L.L
YDR237W	L.L.R
YDR238C	L.L.R
YDR239C	L.L.R
YDR240C	L.L.R
YDR241W	L.L.R
YDR242W	L.L.R
YDR243C	L.L.R
YDR244W	L.L.L
YDR245W	L.L.R
YDR246W	R.L.L
YDR246W-A	R.R
YDR247W	R.R
YDR248C	R.R
YDR249C	R.R
YDR250C	R.R
YDR251W	R.L.R
YDR252W	L.R.L.R.R
YDR253C	R.L.L
YDR254W	L.L.L
YDR255C	R.L.R
YDR256C	R.R
YDR257C	L.R.R.L
YDR258C	R.L.L
YDR259C	R.L.L
YDR260C	L.L.L
YDR261C	R.L.L
YDR261C-C	L.L.R
YDR261C-D	L.L.R
YDR261W-A	L.L.R
YDR261W-B	R.L.L
YDR262W	R.R
YDR263C	R.L.L
YDR264C	L.L.R
YDR265W	R.L.L
YDR266C	L.L.R
YDR267C	L.R.L.R.L
YDR268W	L.L.L
YDR269C	L.L.R
YDR270W	R.L.L
YDR271C	L.L.R
YDR272W	L.L.R
YDR273W	R.R
YDR274C	R.R
YDR275W	R.R
YDR276C	L.L.R
YDR277C	L.L.L
YDR278C	R.R
YDR279W	L.R.R.L
YDR280W	L.L.R
YDR281C	L.L.R
YDR282C	R.L.L
YDR283C	R.L.L
YDR284C	L.L.R
YDR285W	R.L.L
YDR286C	L.L.L
YDR287W	L.L.L
YDR288W	L.L.L
YDR289C	R.L.L
YDR290W	L.L.R
YDR291W	L.L.R
YDR292C	L.R.L.R.R
YDR293C	R.L.L
YDR294C	L.L.R
YDR295C	R.R
YDR296W	L.L.L
YDR297W	L.L.R
YDR298C	L.L.L
YDR299W	L.R.R.L
YDR300C	L.R.L.R.L
YDR301W	L.L.R
YDR302W	L.L.L
YDR303C	R.L.L
YDR304C	L.L.R
YDR305C	L.L.L
YDR306C	R.L.L
YDR307W	L.L.R
YDR308C	L.L.L
YDR309C	R.L.L
YDR310C	L.L.R
YDR311W	R.R
YDR312W	L.R.R.L
YDR313C	R.R
YDR314C	R.L.L
YDR315C	L.L.L
YDR316W	L.L.L
YDR316W-A	R.L.L
YDR316W-B	R.L.L
YDR317W	L.L.R
YDR318W	L.L.R
YDR319C	L.L.R
YDR320C	R.L.R
YDR320C-A	L.L.R
YDR320W-B	L.L.R
YDR321W	L.R.R.L
YDR322C-A	L.L.R
YDR322W	L.L.L
YDR323C	L.L.R
YDR324C	L.R.R.R
YDR325W	L.L.R
YDR326C	R.L.L
YDR327W	L.L.R
YDR328C	L.L.R
YDR329C	R.L.L
YDR330W	R.L.R
YDR331W	L.L.L
YDR332W	R.L.L
YDR333C	L.L.R
YDR334W	R.R
YDR335W	R.L.L
YDR336W	L.L.R
YDR337W	L.L.L
YDR338C	R.L.L
YDR339C	L.L.L
YDR340W	L.L.R
YDR341C	L.R.L.R.R
YDR342C	R.L.R
YDR343C	L.L.R
YDR344C	L.L.R
YDR345C	L.R.R.R
YDR346C	R.L.L
YDR347W	L.L.R
YDR348C	R.L.L
YDR349C	R.L.L
YDR350C	R.R
YDR351W	R.L.L
YDR352W	L.L.L
YDR353W	L.L.R
YDR354C-A	L.L.R
YDR354W	L.R.L.L.R.R
YDR355C	L.L.R
YDR356W	L.L.R
YDR357C	L.L.R
YDR358W	R.L.R
YDR359C	L.L.R
YDR360W	L.L.R
YDR361C	L.R.R.R
YDR362C	R.L.L
YDR363W	R.L.L
YDR363W-A	L.L.R
YDR364C	L.L.R
YDR365C	L.R.R.R
YDR365W-A	L.L.R
YDR365W-B	L.L.R
YDR366C	R.L.L
YDR367W	L.R.L.R.L
YDR368W	L.L.L
YDR369C	L.L.L
YDR370C	L.L.R
YDR371C-A	L.L.R
YDR371W	L.L.L
YDR372C	L.L.R
YDR373W	L.L.L
YDR374C	R.R
YDR374W-A	L.L.L
YDR375C	L.L.R
YDR376W	R.R
YDR377W	L.L.R
YDR378C	L.L.L
YDR379C-A	R.L.L
YDR379W	R.L.L
YDR380W	R.L.R
YDR381C-A	L.L.R
YDR381W	L.L.R
YDR382W	L.L.R
YDR383C	L.L.R
YDR384C	L.R.L.L.L.R
YDR385W	L.R.L.R.R
YDR386W	L.L.R
YDR387C	R.R
YDR388W	L.L.R
YDR389W	R.L.L
YDR390C	L.R.L.R.R
YDR391C	R.L.R
YDR392W	R.L.L
YDR393W	L.L.L
YDR394W	R.L.L
YDR395W	L.R.R.L
YDR396W	L.L.R
YDR397C	L.L.R
YDR398W	L.R.R.R
YDR399W	L.R.R.L
YDR400W	R.L.L
YDR401W	L.L.R
YDR402C	R.L.L
YDR403W	L.L.R
YDR404C	L.L.R
YDR405W	L.L.L
YDR406W	L.L.L
YDR406W-A	L.L.R
YDR407C	L.L.R
YDR408C	L.L.R
YDR409W	R.L.L
YDR410C	R.L.L
YDR411C	R.L.L
YDR412W	L.R.R.R
YDR413C	L.L.R
YDR414C	L.L.R
YDR415C	L.L.L
YDR416W	L.L.R
YDR417C	L.L.L
YDR418W	L.R.L.R.R
YDR419W	L.L.R
YDR420W	L.L.R
YDR421W	R.L.L
YDR422C	L.L.R
YDR423C	R.L.L
YDR424C	L.L.R
YDR425W	R.L.R
YDR426C	L.L.R
YDR427W	R.L.L
YDR428C	L.R.L.R.L
YDR429C	L.L.R
YDR430C	L.L.L
YDR431W	L.L.R
YDR432W	R.L.L
YDR433W	R.L.L
YDR434W	R.L.L
YDR435C	L.L.L
YDR436W	R.L.R
YDR437W	L.L.R
YDR438W	L.L.R
YDR439W	L.L.L
YDR440W	L.L.R
YDR441C	R.L.L
YDR442W	R.L.L
YDR443C	L.L.L
YDR444W	L.L.R
YDR445C	L.L.R
YDR446W	L.L.R
YDR447C	L.R.L.R.R
YDR448W	R.R
YDR449C	L.R.R.L
YDR450W	L.L.R
YDR451C	L.L.R
YDR452W	L.L.R
YDR453C	R.L.R
YDR454C	L.L.R
YDR455C	L.L.R
YDR456W	L.L.L
YDR457W	L.L.R
YDR458C	L.L.R
YDR459C	L.L.R
YDR460W	L.L.L
YDR461C-A	L.L.L
YDR461W	L.L.R
YDR462W	L.L.L
YDR463W	R.L.L
YDR464C-A	L.L.R
YDR464W	R.R
YDR465C	L.R.R.R
YDR466W	L.L.R
YDR467C	L.L.R
YDR468C	L.L.L
YDR469W	L.L.R
YDR470C	L.R.L.R.R
YDR471W	L.R.L.R.R
YDR472W	L.R.L.R.R
YDR473C	R.L.L
YDR475C	R.L.R
YDR476C	R.L.L
YDR477W	R.L.L
YDR478W	L.R.R.L
YDR479C	R.L.R
YDR480W	R.L.L
YDR481C	R.R
YDR482C	R.L.L
YDR483W	L.L.R
YDR484W	L.L.L
YDR485C	R.R
YDR486C	L.L.L
YDR487C	L.L.R
YDR488C	L.L.R
YDR489W	L.L.L
YDR490C	L.L.R
YDR491C	L.L.R
YDR492W	L.L.R
YDR493W	L.L.L
YDR494W	L.L.L
YDR495C	R.L.L
YDR496C	L.R.R.R
YDR497C	L.L.R
YDR498C	L.R.L.L.R.R
YDR499W	L.L.R
YDR500C	L.L.R
YDR501W	L.L.R
YDR502C	L.L.L
YDR503C	R.L.R
YDR504C	R.L.R
YDR505C	R.L.R
YDR506C	L.L.R
YDR507C	L.R.R.L
YDR508C	L.R.L.R.R
YDR509W	L.L.R
YDR510C-A	L.L.R
YDR510W	L.L.R
YDR511W	L.L.R
YDR512C	L.L.L
YDR513W	L.L.R
YDR514C	L.L.R
YDR515W	R.L.L
YDR516C	R.L.R
YDR517W	L.L.R
YDR518W	R.L.L
YDR519W	L.L.R
YDR520C	L.L.R
YDR521W	L.L.R
YDR522C	R.L.L
YDR523C	L.L.R
YDR524C	L.L.R
YDR524C-A	L.L.R
YDR524C-B	L.L.R
YDR524W-C	L.L.R
YDR525W	R.L.L
YDR525W-A	R.L.L
YDR526C	R.L.L
YDR527W	R.L.L
YDR528W	R.R
YDR529C	L.L.R
YDR530C	R.L.L
YDR531W	L.R.L.L.R.R
YDR532C	R.L.L
YDR533C	R.L.L
YDR534C	L.L.R
YDR535C	L.L.R
YDR536W	L.L.R
YDR537C	L.L.R
YDR538W	R.L.L
YDR539W	L.L.R
YDR540C	R.L.L
YDR541C	L.L.R
YDR542W	R.R
YDR543C	L.L.R
YDR544C	L.L.R
YDR545C-A	L.L.R
YDR545W	L.L.R
YEL001C	L.L.L
YEL002C	L.L.L
YEL003W	L.L.R
YEL004W	L.L.L
YEL005C	L.L.L
YEL006W	R.L.L
YEL007W	R.L.L
YEL008C-A	L.L.R
YEL008W	L.L.R
YEL009C	L.L.R
YEL009C-A	L.L.R
YEL010W	L.L.R
YEL011W	R.L.R
YEL012W	R.L.L
YEL013W	L.L.L
YEL014C	L.L.R
YEL015W	L.R.L.L.R.R
YEL016C	L.L.R
YEL017C-A	L.L.R
YEL017W	L.L.R
YEL018C-A	R.L.L
YEL018W	L.L.R
YEL019C	L.L.R
YEL020C	R.L.L
YEL020C-B	L.L.R
YEL020W-A	L.L.L
YEL021W	L.L.R
YEL022W	L.L.L
YEL023C	R.L.L
YEL024W	L.L.L
YEL025C	R.L.L
YEL026W	L.R.R.L
YEL027W	L.L.R
YEL028W	L.L.R
YEL029C	L.L.L
YEL030C-A	R.L.L
YEL030W	R.L.L
YEL031W	R.L.L
YEL032C-A	R.L.L
YEL032W	L.L.R
YEL033W	L.L.R
YEL034C-A	L.L.R
YEL034W	L.L.R
YEL035C	R.L.L
YEL036C	L.R.L.R.R
YEL037C	L.L.R
YEL038W	L.L.L
YEL039C	R.L.R
YEL040W	L.L.R
YEL041W	R.L.L
YEL042W	L.R.R.L
YEL043W	R.L.L
YEL044W	L.L.R
YEL045C	L.L.R
YEL046C	L.L.R
YEL047C	R.L.L
YEL048C	L.R.R.R
YEL049W	R.R
YEL050C	L.L.L
YEL050W-A	L.L.L
YEL051W	L.L.L
YEL052W	L.L.L
YEL053C	L.L.R
YEL053W-A	L.L.R
YEL054C	L.R.L.R.R
YEL055C	L.R.R.L
YEL056W	L.L.L
YEL057C	R.L.L
YEL058W	R.L.L
YEL059C-A	R.L.L
YEL059W	R.R
YEL060C	R.L.L
YEL061C	R.L.L
YEL062W	L.L.L
YEL063C	L.R.L.R.L
YEL064C	L.L.L
YEL065W	L.R.L.R.R
YEL066W	L.R.L.R.L
YEL067C	L.L.R
YEL068C	L.R.L.L.L.R
YEL069C	R.L.L
YEL070W	L.L.R
YEL071W	L.L.L
YEL072W	L.L.R
YEL073C	L.L.R
YEL074W	R.L.L
YEL075C	L.L.R
YEL075W-A	L.L.R
YEL076C	L.L.R
YEL076C-A	L.L.R
YEL077C	R.L.L
YEL077W-A	L.L.R
YER001W	L.L.R
YER002W	L.R.R.L
YER003C	L.L.R
YER004W	L.L.R
YER005W	R.L.L
YER006C-A	L.L.R
YER006W	L.R.R.R
YER007C-A	L.R.L.R.R
YER007W	R.L.L
YER008C	R.R
YER009W	L.L.R
YER010C	L.L.L
YER011W	R.L.L
YER012W	L.L.R
YER013W	R.L.L
YER014C-A	L.L.R
YER014W	L.L.L
YER015W	L.L.R
YER016W	L.L.R
YER017C	L.L.R
YER018C	L.L.R
YER019C-A	L.L.R
YER019W	L.R.L.R.R
YER020W	R.R
YER021W	R.L.L
YER022W	L.L.L
YER023C-A	L.L.R
YER023W	L.L.R
YER024W	R.L.L
YER025W	L.R.L.R.R
YER026C	L.L.L
YER027C	L.L.L
YER028C	L.L.R
YER029C	L.L.R
YER030W	L.L.R
YER031C	L.L.L
YER032W	L.L.R
YER033C	R.R
YER034W	R.L.L
YER035W	R.L.R
YER036C	L.L.R
YER037W	R.L.R
YER038C	L.L.R
YER038W-A	L.L.R
YER039C	R.L.L
YER039C-A	R.L.R
YER040W	L.L.R
YER041W	L.L.R
YER042W	L.L.R
YER043C	L.L.R
YER044C	L.L.R
YER044C-A	L.L.R
YER045C	R.L.L
YER046W	L.L.R
YER046W-A	R.L.L
YER047C	R.L.L
YER048C	L.L.R
YER048W-A	L.L.R
YER049W	L.R.R.L
YER050C	L.L.L
YER051W	R.L.L
YER052C	L.L.R
YER053C	R.L.R
YER053C-A	L.L.R
YER054C	R.L.R
YER055C	L.R.L.L.L.R
YER056C	L.R.R.L
YER056C-A	L.L.R
YER057C	L.L.R
YER058W	L.L.R
YER059W	L.L.L
YER060W	R.L.L
YER060W-A	L.L.R
YER061C	L.L.L
YER062C	L.L.L
YER063W	L.L.L
YER064C	L.L.L
YER065C	L.L.R
YER066C-A	L.L.R
YER066W	R.L.L
YER067C-A	L.L.R
YER067W	R.L.R
YER068C-A	L.L.R
YER068W	L.L.L
YER069W	R.R
YER070W	L.R.R.L
YER071C	L.L.R
YER072W	R.L.L
YER073W	L.R.R.R
YER074W	L.L.R
YER074W-A	L.L.L
YER075C	L.L.R
YER076C	L.L.L
YER076W-A	L.L.R
YER077C	L.L.R
YER078C	L.L.R
YER078W-A	R.R
YER079C-A	L.L.R
YER079W	R.L.R
YER080W	L.L.L
YER081W	R.R
YER082C	L.R.R.R
YER083C	L.R.L.R.L
YER084W	L.L.R
YER084W-A	L.L.R
YER085C	L.L.R
YER086W	L.R.L.L.R.L
YER087C-A	L.L.R
YER087C-B	L.L.R
YER087W	L.L.L
YER088C	R.R
YER088C-A	L.L.R
YER088W-B	R.L.L
YER089C	L.L.R
YER090C-A	L.L.R
YER090W	L.L.R
YER091C	L.L.R
YER091C-A	R.L.L
YER092W	L.L.R
YER093C	L.L.R
YER093C-A	R.L.L
YER094C	L.L.R
YER095W	R.L.L
YER096W	R.L.L
YER097W	R.L.L
YER098W	R.L.R
YER099C	L.L.L
YER100W	R.L.L
YER101C	R.R
YER102W	L.R.L.R.R
YER103W	R.L.R
YER104W	R.R
YER105C	L.R.L.R.R
YER106W	R.R
YER107C	L.L.R
YER107W-A	R.L.L
YER109C	R.L.L
YER110C	L.R.R.R
YER111C	L.L.L
YER112W	L.L.L
YER113C	L.L.R
YER114C	L.L.R
YER115C	R.L.L
YER116C	R.L.L
YER117W	L.L.R
YER118C	L.R.L.R.L
YER119C	R.L.L
YER119C-A	R.L.L
YER120W	L.L.R
YER121W	R.L.R
YER122C	L.L.R
YER123W	L.L.R
YER124C	L.R.L.L.R.R
YER125W	L.L.R
YER126C	L.R.R.R
YER127W	L.R.R.R
YER128W	L.L.L
YER129W	R.L.L
YER130C	R.R
YER131W	L.L.R
YER132C	R.L.L
YER133W	L.L.R
YER133W-A	L.L.R
YER134C	L.L.L
YER135C	L.L.R
YER136W	R.L.L
YER137C	L.R.R.L
YER137W-A	L.L.R
YER138C	L.L.R
YER138W-A	L.L.R
YER139C	L.L.L
YER140W	L.L.R
YER141W	L.L.R
YER142C	R.L.L
YER143W	R.L.L
YER144C	R.R
YER145C	L.R.L.R.R
YER145C-A	L.L.R
YER146W	L.L.R
YER147C	L.L.R
YER147C-A	L.L.R
YER148W	R.L.L
YER148W-A	L.L.R
YER149C	L.L.R
YER150W	R.L.R
YER151C	R.L.L
YER152C	L.L.R
YER152W-A	R.L.L
YER153C	L.L.R
YER154W	L.L.R
YER155C	R.L.L
YER156C	L.L.L
YER157W	L.L.L
YER158C	R.R
YER158W-A	R.R
YER159C	R.L.L
YER159C-A	L.L.R
YER160C	L.L.R
YER161C	R.L.L
YER162C	R.L.L
YER163C	R.L.L
YER164W	L.L.R
YER165C-A	L.L.R
YER165W	L.L.R
YER166W	L.L.R
YER167W	R.L.L
YER168C	L.R.L.R.R
YER169W	R.L.L
YER170W	L.L.L
YER171W	L.L.R
YER172C	L.L.R
YER172C-A	L.L.R
YER173W	R.L.L
YER174C	L.L.L
YER175C	L.L.R
YER175W-A	R.L.R
YER176W	R.R
YER177W	L.L.R
YER178W	L.L.L
YER179W	R.L.L
YER180C	L.L.R
YER180C-A	L.L.R
YER181C	L.L.R
YER182W	R.L.L
YER183C	L.L.L
YER184C	R.L.L
YER185W	R.L.L
YER186C	L.L.R
YER187W	L.L.R
YER188C-A	L.L.R
YER188W	L.L.R
YER189W	L.L.R
YER190C-A	L.L.R
YER190C-B	L.L.R
YER190W	L.L.R
YFL001W	L.L.R
YFL002C	L.R.R.L
YFL002W-A	R.R
YFL002W-B	L.L.R
YFL003C	L.L.R
YFL004W	L.L.R
YFL005W	L.L.L
YFL007W	L.L.R
YFL008W	R.R
YFL009W	R.L.L
YFL010C	L.L.R
YFL010W-A	R.L.L
YFL011W	R.L.L
YFL012W	L.L.R
YFL012W-A	L.L.R
YFL013C	R.L.L
YFL013W-A	L.L.R
YFL014W	L.L.R
YFL015C	R.L.L
YFL015W-A	R.R
YFL016C	R.L.L
YFL017C	L.R.L.L.R.R
YFL017W-A	L.L.R
YFL018C	L.L.L
YFL019C	L.L.R
YFL020C	R.R
YFL021C-A	R.L.L
YFL021W	R.L.L
YFL022C	L.R.L.R.L
YFL023W	L.L.R
YFL024C	L.L.R
YFL025C	R.L.L
YFL026W	R.L.L
YFL027C	L.L.R
YFL028C	L.R.L.R.L
YFL029C	R.L.L
YFL030W	L.L.R
YFL031C-A	L.L.R
YFL031W	L.L.R
YFL032W	R.R
YFL033C	R.L.L
YFL034C-A	L.R.R.R
YFL034C-B	R.L.L
YFL034W	R.L.L
YFL036W	R.L.L
YFL037W	L.L.R
YFL038C	L.L.R
YFL039C	L.L.R
YFL040W	L.L.R
YFL041W	R.L.L
YFL041W-A	R.R
YFL042C	R.L.R
YFL044C	R.L.L
YFL045C	L.L.R
YFL046W	L.L.L
YFL047W	L.L.L
YFL048C	L.L.R
YFL049W	R.L.L
YFL050C	R.L.L
YFL051C	L.L.R
YFL052W	L.L.R
YFL053W	L.L.R
YFL054C	L.L.L
YFL055W	R.L.L
YFL056C	R.R
YFL058W	L.L.R
YFL059W	L.L.R
YFL060C	L.L.R
YFL061W	L.L.R
YFL062W	R.L.L
YFL063W	L.L.R
YFL064C	L.L.R
YFL065C	L.L.R
YFL066C	L.L.R
YFL067W	L.L.R
YFL068W	L.L.R
YFR001W	L.R.R.L
YFR002W	L.L.R
YFR003C	R.L.L
YFR004W	R.L.L
YFR005C	L.L.R
YFR006W	L.L.L
YFR007W	L.L.L
YFR008W	L.L.L
YFR009W	L.R.L.R.R
YFR009W-A	L.L.R
YFR010W	R.L.L
YFR010W-A	L.L.R
YFR011C	L.R.L.L.R.R
YFR012W	L.L.R
YFR012W-A	L.L.R
YFR013W	L.L.R
YFR014C	R.L.R
YFR015C	R.L.R
YFR016C	R.L.L
YFR017C	R.L.R
YFR018C	L.L.R
YFR019W	L.L.R
YFR020W	R.L.L
YFR021W	R.L.L
YFR022W	R.R
YFR023W	L.L.R
YFR024C-A	L.L.R
YFR025C	L.L.L
YFR026C	R.R
YFR027W	R.L.L
YFR028C	L.R.L.L.R.R
YFR029W	R.L.L
YFR030W	R.R
YFR031C	R.L.L
YFR031C-A	L.R.L.R.R
YFR032C	L.L.R
YFR032C-A	L.L.R
YFR032C-B	L.L.R
YFR033C	L.L.R
YFR034C	L.L.R
YFR034W-A	L.L.R
YFR035C	R.R
YFR035W-A	L.R.L.R.L
YFR036W	L.L.L
YFR036W-A	L.L.R
YFR037C	L.R.L.R.R
YFR038W	L.R.L.R.R
YFR039C	R.R
YFR040W	R.L.R
YFR041C	R.L.L
YFR042W	R.L.L
YFR043C	L.L.L
YFR044C	L.L.L
YFR045W	L.L.L
YFR046C	R.L.L
YFR047C	R.L.L
YFR048W	L.L.R
YFR049W	L.L.L
YFR050C	L.L.R
YFR051C	L.L.R
YFR052C-A	L.L.R
YFR052W	L.L.R
YFR053C	L.L.L
YFR054C	L.L.R
YFR055W	L.L.R
YFR056C	R.L.L
YFR057W	R.R
YGL001C	L.L.R
YGL002W	R.L.L
YGL003C	R.L.L
YGL004C	R.L.L
YGL005C	R.L.L
YGL006W	R.R
YGL006W-A	L.L.R
YGL007C-A	L.L.R
YGL007W	R.R
YGL008C	L.L.R
YGL009C	L.L.L
YGL010W	R.L.R
YGL011C	L.L.R
YGL012W	L.L.R
YGL013C	R.L.L
YGL014C-A	R.R
YGL014W	L.L.R
YGL015C	R.L.L
YGL016W	L.R.L.R.L
YGL017W	L.L.L
YGL018C	L.L.R
YGL019W	L.L.L
YGL020C	L.L.R
YGL021W	L.R.L.R.L
YGL022W	L.L.R
YGL023C	R.L.L
YGL024W	L.L.R
YGL025C	L.L.L
YGL026C	L.L.R
YGL027C	L.L.L
YGL028C	L.R.L.R.L
YGL029W	L.R.R.R
YGL030W	L.L.R
YGL031C	L.L.R
YGL032C	L.L.R
YGL033W	L.L.R
YGL034C	L.L.R
YGL035C	L.R.L.R.L
YGL036W	R.L.R
YGL037C	L.L.R
YGL038C	R.R
YGL039W	L.L.R
YGL040C	L.L.R
YGL041C	L.L.R
YGL041C-B	L.L.R
YGL041W-A	L.L.L
YGL042C	L.L.R
YGL043W	L.L.L
YGL044C	L.L.L
YGL045W	R.R
YGL047W	R.L.L
YGL048C	L.L.R
YGL049C	L.L.R
YGL050W	L.L.R
YGL051W	L.L.R
YGL052W	L.L.R
YGL053W	L.L.R
YGL054C	L.L.R
YGL055W	L.R.L.R.R
YGL056C	L.R.L.R.L
YGL057C	L.L.R
YGL058W	R.L.L
YGL059W	L.L.L
YGL060W	L.L.L
YGL061C	L.L.R
YGL062W	R.L.L
YGL063C-A	L.L.R
YGL063W	L.R.L.R.R
YGL064C	L.L.L
YGL065C	L.L.L
YGL066W	L.L.R
YGL067W	R.L.L
YGL068W	L.L.L
YGL069C	R.R
YGL070C	L.L.R
YGL071W	R.R
YGL072C	R.L.L
YGL073W	R.L.R
YGL074C	L.L.R
YGL075C	R.L.L
YGL076C	L.R.L.R.R
YGL077C	L.L.L
YGL078C	L.R.R.R
YGL079W	L.L.L
YGL080W	L.L.L
YGL081W	L.L.R
YGL082W	L.L.L
YGL083W	L.L.L
YGL084C	L.L.L
YGL085W	R.L.L
YGL086W	L.R.L.R.R
YGL087C	L.L.R
YGL088W	R.R
YGL089C	L.L.R
YGL090W	R.L.L
YGL091C	R.L.L
YGL092W	L.R.L.R.R
YGL093W	R.L.L
YGL094C	R.L.L
YGL095C	L.L.L
YGL096W	R.R
YGL097W	L.L.R
YGL098W	L.L.L
YGL099W	L.R.R.R
YGL100W	L.L.L
YGL101W	L.L.R
YGL102C	L.L.R
YGL103W	L.L.R
YGL104C	R.L.R
YGL105W	L.L.R
YGL106W	L.L.R
YGL107C	L.L.L
YGL108C	R.L.L
YGL109W	L.L.R
YGL110C	R.R
YGL111W	L.R.R.L
YGL112C	L.L.L
YGL113W	L.L.R
YGL114W	L.L.R
YGL115W	L.L.L
YGL116W	L.R.L.R.R
YGL117W	L.L.R
YGL118C	L.L.R
YGL119W	L.L.L
YGL120C	L.R.R.R
YGL121C	R.L.L
YGL122C	R.L.L
YGL123C-A	R.L.L
YGL123W	L.L.R
YGL124C	L.L.L
YGL125W	R.L.L
YGL126W	R.L.L
YGL127C	R.L.L
YGL128C	R.R
YGL129C	L.L.L
YGL130W	R.L.L
YGL131C	R.L.L
YGL132W	L.L.R
YGL133W	R.R
YGL134W	R.L.L
YGL135W	L.L.R
YGL136C	R.L.L
YGL137W	L.L.R
YGL138C	L.L.R
YGL139W	L.L.L
YGL140C	R.L.L
YGL141W	R.L.R
YGL142C	R.L.L
YGL143C	L.L.L
YGL144C	R.R
YGL145W	L.L.L
YGL146C	L.L.L
YGL147C	L.R.L.L.L.R
YGL148W	L.R.L.R.R
YGL149W	L.L.R
YGL150C	R.L.L
YGL151W	L.L.R
YGL152C	L.L.R
YGL153W	L.L.L
YGL154C	L.L.L
YGL155W	L.R.L.R.R
YGL156W	R.R
YGL157W	L.L.L
YGL158W	L.L.L
YGL159W	L.L.L
YGL160W	L.L.L
YGL161C	L.L.L
YGL162W	R.R
YGL163C	R.R
YGL164C	R.L.L
YGL165C	L.L.R
YGL166W	R.R
YGL167C	R.R
YGL168W	L.L.R
YGL169W	L.R.R.L
YGL170C	R.L.L
YGL171W	L.R.R.R
YGL172W	L.L.L
YGL173C	L.L.R
YGL174W	R.L.L
YGL175C	R.L.L
YGL176C	R.L.L
YGL177W	R.R
YGL178W	R.R
YGL179C	R.R
YGL180W	R.L.L
YGL181W	L.L.L
YGL182C	L.L.R
YGL183C	R.L.L
YGL184C	L.L.R
YGL185C	L.L.L
YGL186C	L.L.L
YGL187C	L.L.R
YGL188C	R.R
YGL188C-A	R.R
YGL189C	L.L.R
YGL190C	L.L.R
YGL191W	L.L.R
YGL192W	R.L.L
YGL193C	R.R
YGL194C	R.L.L
YGL194C-A	L.L.L
YGL195W	L.R.L.R.R
YGL196W	R.L.L
YGL197W	R.L.R
YGL198W	L.L.R
YGL199C	L.L.R
YGL200C	L.L.R
YGL201C	L.L.R
YGL202W	L.R.L.R.R
YGL203C	L.L.R
YGL204C	L.L.L
YGL205W	L.L.R
YGL206C	L.L.R
YGL207W	L.L.R
YGL208W	L.L.L
YGL209W	L.L.R
YGL210W	L.L.R
YGL211W	L.L.R
YGL212W	R.L.L
YGL213C	L.L.L
YGL214W	L.L.R
YGL215W	L.L.R
YGL216W	R.L.L
YGL217C	L.L.R
YGL218W	L.L.R
YGL219C	L.L.L
YGL220W	L.L.R
YGL221C	L.L.R
YGL222C	L.L.R
YGL223C	L.L.R
YGL224C	L.L.R
YGL225W	L.L.R
YGL226C-A	L.L.R
YGL226W	L.L.L
YGL227W	R.L.R
YGL228W	R.L.L
YGL229C	R.L.L
YGL230C	L.L.R
YGL231C	L.L.L
YGL232W	L.R.L.L.L.R
YGL233W	L.L.L
YGL234W	L.R.R.L
YGL235W	L.L.R
YGL236C	L.R.L.R.L
YGL237C	L.L.L
YGL238W	R.L.L
YGL239C	L.L.R
YGL240W	R.L.L
YGL241W	L.R.L.R.L
YGL242C	L.L.L
YGL243W	L.L.R
YGL244W	L.L.R
YGL245W	L.R.L.L.L.R
YGL246C	L.R.L.R.L
YGL247W	L.L.R
YGL248W	R.L.L
YGL249W	L.L.R
YGL250W	L.L.L
YGL251C	L.L.R
YGL252C	L.L.L
YGL253W	L.L.R
YGL254W	R.L.L
YGL255W	R.L.L
YGL256W	L.R.R.L
YGL257C	L.R.L.R.R
YGL258W	L.L.R
YGL258W-A	L.L.R
YGL259W	L.L.R
YGL260W	L.L.R
YGL261C	R.R
YGL262W	L.L.R
YGL263W	L.L.R
YGR001C	L.R.L.R.R
YGR002C	R.R
YGR003W	R.R
YGR004W	L.L.R
YGR005C	R.L.L
YGR006W	R.L.L
YGR007W	L.L.R
YGR008C	R.L.L
YGR009C	R.L.L
YGR010W	L.L.L
YGR011W	L.L.L
YGR012W	L.L.L
YGR013W	R.L.L
YGR014W	L.L.R
YGR015C	L.L.R
YGR016C-A	L.L.R
YGR016W	R.L.L
YGR017W	L.L.R
YGR018C	R.L.L
YGR019W	R.L.L
YGR020C	L.L.R
YGR021W	L.L.L
YGR022C	R.L.L
YGR023W	R.L.R
YGR024C	L.L.R
YGR025W	R.L.L
YGR026W	L.L.R
YGR027C	L.L.R
YGR027W-A	L.L.R
YGR027W-B	L.L.R
YGR028W	R.L.L
YGR029W	L.R.L.L.R.R
YGR030C	L.R.R.L
YGR031C-A	R.R
YGR031W	L.L.R
YGR032W	R.R
YGR033C	L.L.R
YGR034W	L.L.R
YGR035C	R.L.L
YGR035W-A	L.L.R
YGR036C	L.L.L
YGR037C	L.L.R
YGR038C-A	L.L.R
YGR038C-B	L.R.R.L
YGR038W	L.L.L
YGR039W	L.L.R
YGR040W	L.L.R
YGR041W	L.L.R
YGR042W	R.L.L
YGR043C	R.L.R
YGR044C	L.L.R
YGR045C	L.L.R
YGR046W	R.L.L
YGR047C	R.R
YGR048W	R.L.L
YGR049W	L.L.L
YGR050C	R.R
YGR051C	R.L.L
YGR052W	R.L.R
YGR053C	L.L.R
YGR054W	L.L.L
YGR055W	L.L.L
YGR056W	R.L.L
YGR057C	R.R
YGR058W	L.L.L
YGR059W	L.L.R
YGR060W	L.L.R
YGR061C	L.R.L.L.L.R
YGR062C	R.L.L
YGR063C	L.L.R
YGR064W	R.L.L
YGR065C	L.R.R.L
YGR066C	R.L.R
YGR067C	L.L.R
YGR068C	L.L.L
YGR068W-A	L.L.R
YGR069W	L.L.R
YGR070W	R.L.R
YGR071C	L.L.R
YGR072W	L.L.R
YGR073C	L.L.R
YGR074W	L.L.L
YGR075C	L.L.R
YGR076C	L.L.L
YGR077C	R.L.L
YGR078C	L.R.L.L.R.R
YGR079W	L.L.R
YGR080W	L.L.L
YGR081C	L.R.L.L.R.L
YGR082W	L.L.L
YGR083C	L.L.R
YGR084C	L.R.L.R.R
YGR085C	L.L.R
YGR086C	L.L.R
YGR087C	L.L.R
YGR088W	R.L.R
YGR089W	R.L.L
YGR090W	L.R.L.R.R
YGR091W	L.L.L
YGR092W	L.L.L
YGR093W	L.R.R.L
YGR094W	L.R.L.R.R
YGR095C	L.R.L.R.L
YGR096W	L.L.L
YGR097W	R.L.R
YGR098C	L.L.R
YGR099W	L.L.L
YGR100W	L.L.L
YGR101W	L.L.L
YGR102C	R.L.L
YGR103W	L.R.R.R
YGR104C	L.L.L
YGR105W	L.L.R
YGR106C	L.L.R
YGR107W	L.L.R
YGR108W	L.R.L.R.R
YGR109C	L.L.R
YGR109W-A	L.L.R
YGR109W-B	L.L.R
YGR110W	R.L.R
YGR111W	L.L.L
YGR112W	L.L.L
YGR113W	L.R.L.R.R
YGR114C	L.L.R
YGR115C	L.L.R
YGR116W	R.L.L
YGR117C	L.R.R.L
YGR118W	L.L.R
YGR119C	L.R.L.R.R
YGR120C	L.L.R
YGR121C	L.R.L.R.R
YGR121W-A	R.R
YGR122C-A	L.L.R
YGR122W	R.R
YGR123C	L.R.R.R
YGR124W	L.L.R
YGR125W	L.L.R
YGR126W	R.R
YGR127W	R.R
YGR128C	L.R.R.L
YGR129W	L.L.R
YGR130C	R.L.R
YGR131W	R.R
YGR132C	L.L.R
YGR133W	L.L.R
YGR134W	R.L.L
YGR135W	L.L.R
YGR136W	R.L.L
YGR137W	R.L.L
YGR138C	R.L.L
YGR139W	L.L.R
YGR140W	L.L.R
YGR141W	L.L.R
YGR142W	R.L.L
YGR143W	R.L.R
YGR144W	L.L.R
YGR145W	L.R.R.R
YGR146C	R.L.L
YGR146C-A	R.R
YGR147C	R.L.L
YGR148C	L.L.R
YGR149W	R.L.R
YGR150C	L.L.L
YGR151C	L.L.R
YGR152C	L.R.L.R.R
YGR153W	R.L.L
YGR154C	R.R
YGR155W	L.L.R
YGR156W	L.L.R
YGR157W	L.L.L
YGR158C	L.R.L.L.R.L
YGR159C	L.R.R.R
YGR160W	L.L.R
YGR161C	R.L.L
YGR161C-D	L.L.R
YGR161W-C	R.L.R
YGR162W	L.R.R.L
YGR163W	L.L.L
YGR164W	R.L.L
YGR165W	L.L.L
YGR166W	R.L.L
YGR167W	L.L.R
YGR168C	R.L.L
YGR169C	L.L.L
YGR169C-A	L.L.R
YGR170W	L.L.R
YGR171C	L.L.L
YGR172C	L.L.L
YGR173W	L.R.L.R.R
YGR174C	L.L.L
YGR174W-A	L.L.R
YGR175C	L.L.R
YGR176W	R.R
YGR177C	L.R.R.L
YGR178C	L.L.R
YGR179C	L.L.L
YGR180C	L.L.R
YGR181W	L.L.R
YGR182C	L.L.R
YGR183C	L.L.R
YGR184C	R.L.L
YGR185C	L.R.L.R.R
YGR186W	L.L.R
YGR187C	L.R.R.R
YGR188C	R.L.L
YGR189C	L.L.R
YGR190C	L.L.R
YGR191W	L.R.L.R.L
YGR192C	L.L.R
YGR193C	L.L.L
YGR194C	R.L.R
YGR195W	L.R.L.R.L
YGR196C	L.L.R
YGR197C	R.L.L
YGR198W	R.L.R
YGR199W	L.R.L.L.L.R
YGR200C	L.R.R.R
YGR201C	R.R
YGR202C	L.L.R
YGR203W	L.R.L.R.R
YGR204C-A	L.L.R
YGR204W	L.L.R
YGR205W	L.L.L
YGR206W	L.L.L
YGR207C	L.L.R
YGR208W	L.L.L
YGR209C	L.L.R
YGR210C	R.R
YGR211W	R.L.L
YGR212W	L.L.R
YGR213C	R.R
YGR214W	L.R.L.R.R
YGR215W	L.L.R
YGR216C	L.L.R
YGR217W	L.L.R
YGR218W	R.L.L
YGR219W	L.L.R
YGR220C	L.L.L
YGR221C	R.R
YGR222W	R.R
YGR223C	R.L.R
YGR224W	L.L.R
YGR225W	L.L.R
YGR226C	L.L.R
YGR227C-A	R.R
YGR227W	L.L.L
YGR228W	L.L.R
YGR229C	L.L.R
YGR230W	L.R.L.L.R.L
YGR231C	L.L.R
YGR232W	L.L.L
YGR233C	R.L.L
YGR234W	L.L.L
YGR235C	L.L.L
YGR236C	R.R
YGR237C	R.L.R
YGR238C	R.R
YGR239C	L.L.R
YGR240C	L.L.R
YGR240C-A	L.L.R
YGR241C	L.L.L
YGR242W	L.L.R
YGR243W	R.L.R
YGR244C	L.L.L
YGR245C	L.R.R.R
YGR246C	L.R.R.L
YGR247W	L.R.L.L.L.R
YGR248W	R.L.R
YGR249W	R.R
YGR250C	R.R
YGR251W	L.R.R.L
YGR252W	L.L.R
YGR253C	R.L.L
YGR254W	L.L.R
YGR255C	L.L.R
YGR256W	R.R
YGR257C	L.L.L
YGR258C	R.L.L
YGR259C	L.L.R
YGR260W	L.L.R
YGR261C	L.L.L
YGR262C	L.R.L.L.R.L
YGR263C	L.L.R
YGR264C	L.R.L.L.L.R
YGR265W	L.L.R
YGR266W	L.L.L
YGR267C	L.L.R
YGR268C	R.L.R
YGR269W	L.L.R
YGR270C-A	L.L.R
YGR270W	R.R
YGR271C-A	L.R.R.L
YGR271W	L.L.R
YGR273C	L.L.R
YGR274C	R.L.L
YGR275W	R.L.L
YGR276C	R.L.L
YGR277C	L.L.L
YGR278W	L.L.L
YGR279C	L.R.L.R.R
YGR280C	L.R.R.R
YGR281W	R.L.R
YGR282C	L.L.R
YGR283C	L.R.R.L
YGR284C	R.L.L
YGR285C	L.R.L.R.R
YGR286C	L.R.L.L.L.L.L
YGR287C	R.R
YGR288W	L.L.R
YGR289C	L.L.R
YGR290W	L.L.R
YGR291C	L.L.R
YGR292W	L.L.R
YGR293C	L.L.R
YGR294W	L.L.R
YGR295C	R.L.L
YGR296W	L.L.R
YHL001W	L.L.R
YHL002C-A	L.L.R
YHL002W	R.L.L
YHL003C	L.R.L.L.L.R
YHL004W	L.R.L.L.R.R
YHL005C	R.L.L
YHL006C	L.L.R
YHL006W-A	R.R
YHL007C	L.L.R
YHL008C	R.L.L
YHL009C	L.L.L
YHL009W-A	L.L.R
YHL009W-B	L.L.R
YHL010C	L.L.L
YHL011C	L.R.R.R
YHL012W	L.L.R
YHL013C	L.R.L.R.L
YHL014C	L.R.L.R.R
YHL015W	L.L.R
YHL015W-A	L.L.R
YHL016C	R.R
YHL017W	L.L.R
YHL018W	R.L.L
YHL019C	R.L.L
YHL019W-A	L.L.R
YHL020C	R.L.L
YHL021C	R.L.R
YHL022C	L.L.R
YHL023C	R.R
YHL024W	R.L.R
YHL025W	L.L.R
YHL026C	L.L.R
YHL027W	R.L.L
YHL028W	R.L.L
YHL029C	L.L.L
YHL030W	R.L.R
YHL030W-A	L.L.R
YHL031C	L.L.R
YHL032C	L.L.R
YHL033C	L.R.L.L.L.R
YHL034C	L.L.R
YHL034W-A	L.L.R
YHL035C	L.L.R
YHL036W	R.R
YHL037C	R.L.L
YHL038C	L.L.R
YHL039W	L.R.R.R
YHL040C	R.L.L
YHL041W	R.R
YHL042W	R.R
YHL043W	R.L.L
YHL044W	L.L.R
YHL045W	L.L.R
YHL046C	L.L.R
YHL046W-A	L.L.R
YHL047C	R.R
YHL048C-A	L.L.R
YHL048W	R.L.L
YHL049C	L.L.R
YHL050C	L.L.R
YHL050W-A	L.L.R
YHR001W	L.L.L
YHR001W-A	L.L.R
YHR002W	R.L.R
YHR003C	L.R.L.L.R.R
YHR004C	L.L.L
YHR005C	L.L.R
YHR005C-A	L.L.R
YHR006W	R.L.L
YHR007C	L.L.R
YHR007C-A	R.R
YHR008C	L.L.R
YHR009C	L.L.R
YHR010W	L.L.R
YHR011W	L.L.L
YHR012W	L.L.R
YHR013C	L.R.L.L.L.L.R.L
YHR014W	L.L.R
YHR015W	R.L.L
YHR016C	R.L.R
YHR017W	R.L.R
YHR018C	L.R.L.R.L
YHR019C	L.R.L.L.L.R
YHR020W	L.R.R.L
YHR021C	L.L.R
YHR021W-A	L.L.R
YHR022C	L.L.L
YHR022C-A	L.L.R
YHR023W	L.R.L.R.R
YHR024C	L.L.R
YHR025W	L.R.L.R.R
YHR026W	L.L.R
YHR027C	R.L.L
YHR028C	L.L.L
YHR028W-A	R.L.L
YHR029C	L.R.L.L.L.R
YHR030C	R.L.L
YHR031C	L.R.L.R.R
YHR032C-A	L.L.R
YHR032W	L.R.L.L.R.R
YHR032W-A	L.L.L
YHR033W	L.L.L
YHR034C	L.L.L
YHR035W	L.L.R
YHR036W	L.L.R
YHR037W	R.L.L
YHR038W	L.L.L
YHR039C	L.R.L.R.R
YHR039C-A	L.L.R
YHR040W	L.R.R.L
YHR041C	L.R.L.L.L.L.R.L
YHR042W	L.L.R
YHR043C	R.R
YHR044C	R.R
YHR045W	L.L.R
YHR046C	L.L.R
YHR047C	L.R.L.L.R.R
YHR048W	L.L.R
YHR049C-A	L.L.R
YHR049W	L.L.R
YHR050W	R.L.L
YHR050W-A	R.R
YHR051W	L.L.R
YHR052C-B	R.L.L
YHR052W	L.R.R.L
YHR052W-A	R.R
YHR053C	L.L.R
YHR054C	L.L.R
YHR056C	L.L.R
YHR056W-A	R.R
YHR057C	R.L.L
YHR058C	L.L.R
YHR059W	L.L.L
YHR060W	L.R.L.R.R
YHR061C	L.L.R
YHR062C	L.R.R.L
YHR063C	L.L.L
YHR063W-A	L.L.R
YHR064C	L.L.R
YHR065C	L.R.R.R
YHR066W	L.R.R.R
YHR067W	L.L.R
YHR068W	L.R.L.R.R
YHR069C	L.R.R.L
YHR069C-A	R.L.L
YHR070C-A	L.L.R
YHR070W	L.R.R.L
YHR071C-A	L.L.R
YHR071W	L.L.R
YHR072W	L.L.R
YHR072W-A	L.L.R
YHR073C-B	L.L.R
YHR073W	L.L.R
YHR073W-A	L.L.R
YHR074W	L.L.L
YHR075C	L.L.R
YHR076W	L.L.R
YHR077C	L.R.L.R.R
YHR078W	R.L.L
YHR079C	L.L.R
YHR079C-A	L.L.R
YHR080C	R.L.R
YHR081W	L.R.R.L
YHR082C	R.L.L
YHR083W	R.L.L
YHR084W	R.R
YHR085W	L.R.R.L
YHR086W	R.L.R
YHR086W-A	R.R
YHR087W	R.L.R
YHR088W	L.R.R.R
YHR089C	L.R.R.L
YHR090C	R.R
YHR091C	L.L.L
YHR092C	L.R.L.L.L.L.L
YHR093W	L.L.R
YHR094C	L.R.L.R.L
YHR095W	L.L.R
YHR096C	R.R
YHR097C	R.L.R
YHR098C	R.L.L
YHR099W	L.L.R
YHR100C	L.L.R
YHR101C	L.L.L
YHR102W	R.R
YHR103W	R.L.L
YHR104W	R.L.L
YHR105W	R.R
YHR106W	R.L.L
YHR107C	L.L.R
YHR108W	L.L.L
YHR109W	L.L.L
YHR110W	L.L.L
YHR111W	L.L.L
YHR112C	R.L.L
YHR113W	L.L.L
YHR114W	L.L.L
YHR115C	L.L.R
YHR116W	L.L.L
YHR117W	L.R.L.L.R.R
YHR118C	L.L.L
YHR119W	L.L.R
YHR120W	L.R.L.R.R
YHR121W	L.L.L
YHR122W	L.L.L
YHR123W	L.L.L
YHR124W	L.L.R
YHR125W	L.L.R
YHR126C	L.L.R
YHR127W	L.L.L
YHR128W	L.R.L.L.R.L
YHR129C	L.L.R
YHR130C	R.L.L
YHR131C	R.L.L
YHR131W-A	R.L.L
YHR132C	L.L.R
YHR132W-A	R.L.L
YHR133C	L.L.R
YHR134W	L.L.R
YHR135C	L.L.R
YHR136C	R.L.L
YHR137C-A	R.L.L
YHR137W	R.L.R
YHR138C	R.L.L
YHR139C	R.R
YHR139C-A	R.L.L
YHR140W	R.L.L
YHR141C	L.L.R
YHR142W	R.L.L
YHR143W	L.R.L.L.L.L.R.R
YHR143W-A	L.L.R
YHR144C	L.R.L.L.R.L
YHR145C	R.R
YHR146W	R.L.L
YHR147C	L.L.L
YHR148W	L.R.R.R
YHR149C	L.R.R.L
YHR150W	L.L.R
YHR151C	R.L.L
YHR152W	L.R.L.R.R
YHR153C	L.L.R
YHR154W	L.L.R
YHR155W	L.L.R
YHR156C	R.R
YHR157W	R.R
YHR158C	L.L.R
YHR159W	R.L.L
YHR160C	R.L.L
YHR161C	R.L.R
YHR162W	L.L.R
YHR163W	L.L.L
YHR164C	R.L.L
YHR165C	R.L.L
YHR165W-A	R.R
YHR166C	L.L.L
YHR167W	L.L.L
YHR168W	L.L.L
YHR169W	L.R.R.L
YHR170W	L.R.R.R
YHR171W	L.L.L
YHR172W	L.L.R
YHR173C	R.R
YHR174W	L.L.R
YHR175W	L.L.R
YHR175W-A	R.R
YHR176W	R.L.L
YHR177W	R.L.L
YHR178W	R.L.L
YHR179W	L.L.R
YHR180C-B	L.L.R
YHR180W	L.L.R
YHR180W-A	R.R
YHR181W	L.L.L
YHR182C-A	L.L.R
YHR182W	L.L.R
YHR183W	L.L.R
YHR184W	L.L.R
YHR185C	L.L.R
YHR186C	L.L.R
YHR187W	L.L.L
YHR188C	L.L.R
YHR189W	R.L.R
YHR190W	L.L.R
YHR191C	L.L.L
YHR192W	L.L.R
YHR193C	L.L.R
YHR193C-A	R.L.L
YHR194W	L.L.L
YHR195W	R.L.R
YHR196W	L.R.R.L
YHR197W	L.R.R.L
YHR198C	L.L.L
YHR199C	R.L.L
YHR199C-A	L.L.R
YHR200W	L.L.R
YHR201C	L.L.L
YHR202W	L.L.L
YHR203C	L.R.L.R.R
YHR204W	L.R.L.R.R
YHR205W	L.L.L
YHR206W	R.L.L
YHR207C	L.L.R
YHR208W	L.R.L.R.L
YHR209W	L.L.L
YHR210C	R.R
YHR211W	L.R.R.R
YHR212W-A	L.L.R
YHR213W	L.L.R
YHR213W-A	L.L.R
YHR213W-B	L.L.R
YHR214C-B	L.L.R
YHR214C-C	L.L.R
YHR214C-E	L.L.R
YHR214W	L.L.R
YHR214W-A	L.L.R
YHR215W	L.L.R
YHR216W	R.R
YHR217C	L.L.R
YHR218W	L.L.R
YHR219C-A	L.L.R
YHR219W	L.L.R
YIL001W	R.L.L
YIL002C	L.L.R
YIL002W-A	L.L.R
YIL003W	L.L.R
YIL004C	L.L.L
YIL005W	L.L.L
YIL006W	R.L.R
YIL007C	L.L.L
YIL008W	L.L.R
YIL009C-A	L.R.L.R.R
YIL009W	L.R.L.R.R
YIL010W	L.L.L
YIL011W	L.R.L.L.L.L.R.R
YIL012W	R.R
YIL013C	L.L.L
YIL014C-A	L.R.L.R.L
YIL014W	L.L.R
YIL015W	R.L.L
YIL016W	L.R.L.L.L.R
YIL017C	R.L.R
YIL018W	L.R.L.R.R
YIL019W	L.R.R.R
YIL020C	L.R.L.L.R.R
YIL020C-A	L.L.R
YIL021C-A	L.L.R
YIL021W	L.L.R
YIL022W	L.L.L
YIL023C	L.L.L
YIL024C	L.L.R
YIL025C	L.L.R
YIL026C	L.L.R
YIL027C	L.L.R
YIL028W	L.L.R
YIL029C	R.L.R
YIL029W-A	L.L.R
YIL030C	R.L.L
YIL030W-A	R.R
YIL031W	R.R
YIL032C	L.L.R
YIL033C	L.L.L
YIL034C	L.L.L
YIL035C	L.L.R
YIL036W	R.L.R
YIL037C	L.L.R
YIL038C	L.L.R
YIL039W	L.L.R
YIL040W	R.L.L
YIL041W	L.L.R
YIL042C	R.L.L
YIL043C	L.L.R
YIL044C	L.L.L
YIL045W	R.R
YIL046W	R.R
YIL046W-A	R.R
YIL047C	L.L.R
YIL047C-A	L.L.R
YIL048W	R.L.L
YIL049W	L.L.R
YIL050W	R.L.R
YIL051C	L.L.R
YIL052C	L.L.R
YIL053W	L.L.R
YIL054W	R.L.L
YIL055C	R.L.R
YIL056W	R.R
YIL057C	R.R
YIL058W	L.L.R
YIL059C	R.R
YIL060W	R.L.L
YIL061C	L.L.R
YIL062C	L.L.R
YIL063C	R.L.L
YIL064W	L.R.R.L
YIL065C	L.L.R
YIL066C	R.R
YIL066W-A	R.L.L
YIL067C	L.L.R
YIL068C	L.L.L
YIL068W-A	L.L.R
YIL069C	L.R.L.L.L.R
YIL070C	L.L.L
YIL071C	L.L.L
YIL071W-A	L.L.R
YIL072W	L.L.R
YIL073C	L.L.R
YIL074C	L.L.R
YIL075C	R.L.L
YIL076W	L.L.R
YIL077C	R.L.R
YIL078W	L.L.R
YIL079C	L.R.R.L
YIL082W	L.L.R
YIL082W-A	L.L.R
YIL083C	L.R.L.L.L.R
YIL084C	R.L.L
YIL085C	L.L.R
YIL086C	R.L.L
YIL087C	R.L.R
YIL088C	L.L.L
YIL089W	R.L.L
YIL090W	L.R.L.R.R
YIL091C	L.R.R.L
YIL092W	L.L.R
YIL093C	L.R.L.L.R.R
YIL094C	L.R.L.L.L.L.R.L
YIL095W	R.L.L
YIL096C	L.R.R.R
YIL097W	R.L.R
YIL098C	L.L.L
YIL099W	R.R
YIL100C-A	L.L.R
YIL100W	R.L.L
YIL101C	R.R
YIL102C	R.L.L
YIL102C-A	R.L.L
YIL103W	L.R.R.L
YIL104C	L.L.R
YIL105C	R.L.R
YIL105W-A	L.L.R
YIL106W	L.L.L
YIL107C	R.L.L
YIL108W	R.L.L
YIL109C	R.L.L
YIL110W	L.R.L.R.L
YIL111W	R.L.R
YIL112W	R.R
YIL113W	R.L.R
YIL114C	L.L.R
YIL115C	L.R.L.R.R
YIL115W-A	L.L.R
YIL116W	L.R.L.R.R
YIL117C	R.L.L
YIL118W	L.L.L
YIL119C	L.L.R
YIL120W	L.L.L
YIL121W	L.L.R
YIL122W	R.L.L
YIL123W	L.R.L.R.L
YIL124W	L.L.L
YIL125W	L.L.L
YIL126W	L.R.L.R.R
YIL127C	L.R.R.R
YIL128W	L.L.R
YIL129C	L.L.R
YIL130W	L.L.R
YIL131C	L.R.R.L
YIL132C	R.R
YIL133C	L.R.L.L.L.R
YIL134C-A	R.R
YIL134W	L.L.R
YIL135C	R.L.L
YIL136W	R.L.R
YIL137C	L.L.L
YIL138C	L.L.R
YIL139C	R.R
YIL140W	R.L.L
YIL141W	L.L.R
YIL142C-A	L.L.R
YIL142W	L.L.R
YIL143C	R.L.L
YIL144W	R.R
YIL145C	L.R.L.R.L
YIL146C	R.L.L
YIL147C	L.L.R
YIL148W	L.L.R
YIL149C	L.L.R
YIL150C	L.L.R
YIL151C	R.L.L
YIL152W	R.R
YIL153W	R.L.L
YIL154C	R.L.L
YIL155C	R.L.R
YIL156W	L.L.R
YIL156W-A	R.L.L
YIL156W-B	L.L.R
YIL157C	L.L.L
YIL158W	L.R.R.R
YIL159W	L.L.R
YIL160C	L.L.R
YIL161W	L.L.R
YIL162W	L.L.L
YIL163C	L.L.R
YIL164C	L.L.R
YIL165C	L.L.R
YIL166C	L.L.R
YIL167W	L.L.R
YIL169C	L.L.R
YIL170W	L.L.R
YIL171W	R.L.L
YIL171W-A	L.L.R
YIL172C	R.L.L
YIL173W	L.L.R
YIL174W	L.L.R
YIL175W	L.L.R
YIL176C	R.R
YIL177C	L.L.R
YIL177W-A	L.L.R
YIR001C	L.L.L
YIR002C	R.R
YIR003W	R.L.L
YIR004W	L.L.L
YIR005W	L.L.L
YIR006C	L.L.L
YIR007W	R.L.R
YIR008C	L.L.L
YIR009W	R.L.L
YIR010W	R.L.L
YIR011C	R.L.L
YIR012W	L.R.R.L
YIR013C	R.R
YIR014W	R.L.R
YIR015W	R.L.L
YIR016W	R.L.R
YIR017C	R.L.R
YIR017W-A	L.L.R
YIR018C-A	R.R
YIR018W	R.L.L
YIR019C	L.R.L.L.L.L.R.R
YIR020C	R.L.R
YIR020C-B	L.L.R
YIR020W-A	R.R
YIR021W	L.R.L.R.R
YIR021W-A	L.L.R
YIR022W	L.L.L
YIR023C-A	L.L.R
YIR023W	L.L.R
YIR024C	R.R
YIR025W	R.R
YIR026C	L.R.R.R
YIR027C	R.L.L
YIR028W	R.L.L
YIR029W	L.L.R
YIR030C	L.L.R
YIR030W-A	L.L.R
YIR031C	R.L.L
YIR032C	L.L.R
YIR033W	L.L.R
YIR034C	R.L.L
YIR035C	L.L.L
YIR036C	L.L.L
YIR036W-A	L.L.R
YIR037W	L.L.R
YIR038C	R.L.L
YIR039C	L.L.R
YIR040C	L.L.R
YIR041W	L.L.R
YIR042C	L.R.L.L.R.L
YIR043C	L.L.R
YJL001W	L.L.R
YJL002C	L.L.R
YJL003W	R.L.L
YJL004C	L.L.R
YJL005W	R.L.R
YJL006C	L.L.L
YJL007C	L.L.R
YJL008C	L.L.L
YJL009W	L.L.R
YJL010C	L.R.R.L
YJL011C	L.R.R.L
YJL012C	L.L.L
YJL013C	L.L.L
YJL014W	L.L.R
YJL015C	R.L.L
YJL016W	R.R
YJL019W	L.L.R
YJL020C	R.L.R
YJL020W-A	R.L.L
YJL022W	R.L.L
YJL023C	R.L.L
YJL024C	L.L.L
YJL025W	L.L.R
YJL026C-A	R.L.L
YJL026W	L.L.R
YJL027C	R.L.L
YJL028W	L.L.R
YJL029C	L.L.L
YJL030W	L.L.R
YJL031C	R.L.L
YJL032W	R.L.L
YJL033W	L.R.R.R
YJL034W	R.L.L
YJL035C	R.R
YJL036W	R.L.R
YJL037W	L.L.R
YJL038C	L.L.R
YJL039C	L.L.R
YJL041W	L.L.R
YJL042W	R.L.R
YJL043W	R.L.L
YJL044C	L.R.L.R.R
YJL045W	R.L.L
YJL046W	L.L.L
YJL047C	L.L.L
YJL047C-A	R.R
YJL048C	R.L.R
YJL049W	R.L.L
YJL050W	L.R.R.R
YJL051W	L.L.L
YJL052C-A	L.L.R
YJL052W	R.L.L
YJL053W	L.L.L
YJL054W	L.L.L
YJL055W	L.L.R
YJL056C	R.L.L
YJL057C	R.L.R
YJL058C	L.L.R
YJL059W	L.L.R
YJL060W	R.L.L
YJL061W	L.R.L.L.R.R
YJL062W	L.L.L
YJL062W-A	L.L.R
YJL063C	L.R.L.L.R.R
YJL064W	R.R
YJL065C	L.L.R
YJL066C	R.L.R
YJL067W	L.L.R
YJL068C	L.L.L
YJL069C	L.R.R.L
YJL070C	L.L.L
YJL071W	L.L.R
YJL072C	L.L.L
YJL073W	R.L.L
YJL074C	R.L.L
YJL075C	L.L.R
YJL076W	L.R.L.R.R
YJL077C	R.R
YJL077W-A	L.L.R
YJL077W-B	L.L.R
YJL078C	R.L.L
YJL079C	R.L.L
YJL080C	L.R.L.R.R
YJL081C	L.L.L
YJL082W	R.L.R
YJL083W	R.L.R
YJL084C	L.L.R
YJL085W	L.L.L
YJL086C	L.L.R
YJL087C	L.L.R
YJL088W	R.R
YJL089W	R.R
YJL090C	L.L.R
YJL091C	R.L.L
YJL092W	R.L.L
YJL093C	L.L.L
YJL094C	R.R
YJL095W	L.L.R
YJL096W	L.L.L
YJL097W	L.R.L.R.R
YJL098W	L.L.R
YJL099W	L.L.L
YJL100W	R.L.R
YJL101C	L.L.L
YJL102W	R.L.L
YJL103C	R.L.R
YJL104W	L.L.R
YJL105W	L.L.R
YJL106W	R.L.L
YJL107C	L.L.L
YJL108C	L.L.L
YJL109C	L.R.R.L
YJL110C	L.L.L
YJL111W	L.L.L
YJL112W	R.L.R
YJL113W	L.L.R
YJL114W	L.L.R
YJL115W	L.L.R
YJL116C	L.L.R
YJL117W	L.L.R
YJL118W	R.L.L
YJL119C	R.L.L
YJL120W	R.L.L
YJL121C	L.R.L.R.R
YJL122W	L.R.R.L
YJL123C	L.L.R
YJL124C	L.L.R
YJL125C	L.R.R.L
YJL126W	L.L.R
YJL127C	L.L.R
YJL127C-B	L.L.R
YJL127W-A	L.L.R
YJL128C	R.L.L
YJL129C	R.R
YJL130C	L.R.R.R
YJL131C	L.L.R
YJL132W	L.L.L
YJL133C-A	L.L.L
YJL133W	L.R.L.L.R.R
YJL134W	L.R.L.R.R
YJL135W	L.L.R
YJL136C	L.L.R
YJL136W-A	L.L.R
YJL137C	L.L.L
YJL138C	L.L.R
YJL139C	R.L.L
YJL140W	L.L.R
YJL141C	R.L.R
YJL142C	R.L.R
YJL143W	L.L.R
YJL144W	R.L.L
YJL145W	L.R.L.R.R
YJL146W	L.L.L
YJL147C	R.L.L
YJL148W	L.R.R.L
YJL149W	R.L.L
YJL150W	L.L.R
YJL151C	R.L.L
YJL152W	R.R
YJL153C	R.R
YJL154C	R.L.L
YJL155C	R.L.R
YJL156C	L.L.L
YJL156W-A	L.L.R
YJL157C	L.L.R
YJL158C	L.L.R
YJL159W	L.L.R
YJL160C	L.L.R
YJL161W	R.L.R
YJL162C	R.R
YJL163C	R.L.R
YJL164C	R.L.R
YJL165C	R.R
YJL166W	L.L.R
YJL167W	L.L.R
YJL168C	R.L.L
YJL169W	R.L.L
YJL170C	R.R
YJL171C	R.L.L
YJL172W	R.L.L
YJL173C	L.L.R
YJL174W	R.L.L
YJL175W	L.L.R
YJL176C	L.L.R
YJL177W	L.R.L.R.R
YJL178C	L.L.R
YJL179W	L.L.R
YJL180C	L.L.L
YJL181W	L.L.R
YJL182C	L.L.R
YJL183W	L.L.R
YJL184W	L.L.L
YJL185C	R.L.L
YJL186W	L.L.R
YJL187C	L.R.R.L
YJL188C	L.L.R
YJL189W	L.L.R
YJL190C	L.R.L.L.L.R
YJL191W	L.L.R
YJL192C	L.R.L.R.R
YJL193W	L.L.R
YJL194W	R.L.L
YJL195C	R.L.L
YJL196C	L.L.L
YJL197C-A	L.L.R
YJL197W	L.L.R
YJL198W	L.R.R.R
YJL199C	R.L.R
YJL200C	L.R.R.L
YJL201W	L.L.R
YJL202C	L.L.R
YJL203W	R.L.L
YJL204C	L.L.L
YJL205C	L.L.R
YJL206C	R.L.L
YJL207C	L.L.R
YJL208C	L.R.R.R
YJL209W	L.L.R
YJL210W	L.L.L
YJL211C	R.L.L
YJL212C	L.R.R.L
YJL213W	R.L.L
YJL214W	L.L.R
YJL215C	R.R
YJL216C	R.R
YJL217W	L.L.R
YJL218W	L.R.L.L.R.R
YJL219W	R.L.L
YJL222W	L.L.R
YJL222W-B	L.L.R
YJL225C	R.L.L
YJR001W	L.L.L
YJR002W	L.R.R.R
YJR003C	L.R.R.L
YJR004C	L.L.R
YJR005C-A	R.L.L
YJR005W	L.L.L
YJR006W	L.L.L
YJR007W	L.L.R
YJR008W	R.L.R
YJR009C	L.L.R
YJR010C-A	L.L.R
YJR010W	R.R
YJR011C	R.R
YJR012C	R.L.L
YJR013W	L.L.R
YJR014W	L.L.R
YJR015W	R.R
YJR016C	L.R.R.R
YJR017C	L.L.R
YJR018W	R.L.L
YJR019C	R.L.R
YJR020W	R.R
YJR021C	R.L.R
YJR022W	L.L.L
YJR023C	L.L.R
YJR024C	L.R.L.L.R.R
YJR025C	L.R.R.L
YJR026W	L.L.R
YJR027W	L.L.R
YJR028W	L.L.R
YJR029W	L.L.R
YJR030C	L.L.R
YJR031C	L.L.R
YJR032W	L.L.L
YJR033C	L.L.L
YJR034W	L.L.L
YJR035W	R.L.L
YJR036C	R.L.L
YJR037W	L.L.R
YJR038C	L.L.R
YJR039W	R.L.L
YJR040W	L.L.L
YJR041C	L.L.R
YJR042W	L.L.L
YJR043C	L.L.L
YJR044C	L.R.L.L.R.R
YJR045C	L.L.R
YJR046W	R.R
YJR047C	L.L.R
YJR048W	L.L.R
YJR049C	R.L.L
YJR050W	L.L.R
YJR051W	L.L.L
YJR052W	R.L.L
YJR053W	L.L.R
YJR054W	R.L.L
YJR055W	L.L.R
YJR056C	L.R.L.R.L
YJR057W	L.R.L.L.R.R
YJR058C	R.L.L
YJR059W	R.L.R
YJR060W	L.L.R
YJR061W	L.L.R
YJR062C	L.L.L
YJR063W	L.R.L.L.R.L
YJR064W	L.L.R
YJR065C	L.L.R
YJR066W	L.L.R
YJR067C	L.L.L
YJR068W	L.R.L.R.R
YJR069C	L.R.L.L.R.R
YJR070C	L.R.R.R
YJR071W	L.L.R
YJR072C	L.R.R.L
YJR073C	L.L.R
YJR074W	L.L.L
YJR075W	L.L.R
YJR076C	R.L.L
YJR077C	L.L.R
YJR078W	R.R
YJR079W	R.L.L
YJR080C	L.L.L
YJR082C	R.L.L
YJR083C	L.L.R
YJR084W	L.L.L
YJR085C	L.L.R
YJR086W	R.R
YJR087W	L.L.R
YJR088C	L.R.L.L.R.R
YJR089W	R.R
YJR090C	R.L.L
YJR091C	R.L.R
YJR092W	L.L.R
YJR093C	L.L.L
YJR094C	R.R
YJR094W-A	L.L.R
YJR095W	L.L.R
YJR096W	R.L.R
YJR097W	R.L.L
YJR098C	L.L.R
YJR099W	L.L.L
YJR100C	L.L.L
YJR101W	L.L.L
YJR102C	L.L.L
YJR103W	R.L.L
YJR104C	L.L.R
YJR105W	L.L.R
YJR106W	R.R
YJR107C-A	L.L.R
YJR107W	R.R
YJR108W	R.R
YJR109C	L.R.L.R.L
YJR110W	L.L.R
YJR111C	L.L.L
YJR112W	L.R.L.R.L
YJR112W-A	L.L.R
YJR113C	L.L.R
YJR114W	L.L.R
YJR115W	L.L.R
YJR116W	R.L.L
YJR117W	R.L.L
YJR118C	L.L.R
YJR119C	L.L.R
YJR120W	L.L.R
YJR121W	L.L.R
YJR122W	L.L.L
YJR123W	L.L.R
YJR124C	L.R.R.L
YJR125C	L.L.L
YJR126C	R.L.R
YJR127C	R.R
YJR128W	R.L.L
YJR129C	L.R.R.L
YJR130C	L.L.R
YJR131W	L.L.L
YJR132W	L.R.L.R.L
YJR133W	L.L.L
YJR134C	L.R.L.R.R
YJR135C	L.L.R
YJR135W-A	L.L.L
YJR136C	L.L.R
YJR137C	L.L.R
YJR138W	L.L.R
YJR139C	L.L.R
YJR140C	L.L.R
YJR140W-A	L.L.R
YJR141W	R.L.L
YJR142W	L.L.L
YJR143C	L.R.L.L.L.R
YJR144W	L.L.L
YJR145C	L.R.L.R.R
YJR146W	L.L.R
YJR147W	L.L.R
YJR148W	L.L.L
YJR149W	L.L.L
YJR150C	R.L.L
YJR151C	L.L.R
YJR151W-A	L.L.R
YJR152W	R.L.L
YJR153W	L.L.R
YJR154W	L.L.R
YJR155W	R.R
YJR156C	L.L.R
YJR157W	L.L.R
YJR158W	L.L.R
YJR159W	R.R
YJR160C	L.L.R
YJR161C	R.L.L
YJR162C	L.L.R
YKL001C	R.R
YKL002W	R.L.L
YKL003C	L.L.L
YKL004W	L.L.R
YKL005C	R.R
YKL006C-A	L.R.L.R.L
YKL006W	L.R.L.R.R
YKL007W	L.L.L
YKL008C	L.L.R
YKL009W	L.R.R.L
YKL010C	R.L.L
YKL011C	L.L.R
YKL012W	R.L.L
YKL013C	L.L.L
YKL014C	L.R.R.L
YKL015W	L.L.R
YKL016C	L.L.R
YKL017C	R.L.L
YKL018C-A	L.L.R
YKL018W	L.L.L
YKL019W	L.L.L
YKL020C	R.L.L
YKL021C	L.R.R.R
YKL022C	R.L.L
YKL023C-A	L.L.R
YKL023W	L.L.R
YKL024C	L.L.R
YKL025C	L.L.L
YKL026C	R.L.R
YKL027W	L.L.L
YKL028W	R.L.L
YKL029C	L.R.R.R
YKL030W	L.L.R
YKL031W	R.L.L
YKL032C	R.L.R
YKL033W	L.L.R
YKL033W-A	L.R.L.L.R.R
YKL034W	L.L.L
YKL035W	L.L.R
YKL036C	R.R
YKL037W	R.R
YKL038W	R.R
YKL039W	R.L.L
YKL040C	R.L.L
YKL041W	L.L.R
YKL042W	L.L.R
YKL043W	R.R
YKL044W	R.R
YKL045W	L.R.R.L
YKL046C	R.L.L
YKL047W	L.L.L
YKL048C	L.L.R
YKL049C	R.L.L
YKL050C	R.L.L
YKL051W	L.L.L
YKL052C	R.L.L
YKL053C-A	L.L.R
YKL053W	L.L.R
YKL054C	L.L.R
YKL055C	L.L.R
YKL056C	L.L.R
YKL057C	L.L.L
YKL058W	L.L.R
YKL059C	R.L.L
YKL060C	L.L.R
YKL061W	R.L.L
YKL062W	L.L.L
YKL063C	L.L.R
YKL064W	R.L.L
YKL065C	R.L.L
YKL065W-A	R.R
YKL066W	R.L.L
YKL067W	R.L.L
YKL068W	L.L.R
YKL068W-A	L.L.R
YKL069W	L.R.L.L.R.R
YKL070W	R.L.L
YKL071W	L.L.R
YKL072W	R.R
YKL073W	R.L.L
YKL074C	R.R
YKL075C	R.L.L
YKL076C	R.L.L
YKL077W	L.L.L
YKL078W	L.R.R.L
YKL079W	R.L.L
YKL080W	L.L.R
YKL081W	L.R.L.R.R
YKL082C	L.R.R.L
YKL083W	L.L.R
YKL084W	L.L.R
YKL085W	L.L.R
YKL086W	R.L.R
YKL087C	L.L.R
YKL088W	R.L.L
YKL089W	R.R
YKL090W	R.L.L
YKL091C	R.L.R
YKL092C	L.L.R
YKL093W	L.L.R
YKL094W	L.L.R
YKL095W	R.L.L
YKL096C-B	R.R
YKL096W	L.L.L
YKL096W-A	L.L.R
YKL097C	L.L.R
YKL098W	R.L.L
YKL099C	L.R.R.R
YKL100C	R.L.R
YKL100W-A	L.L.R
YKL101W	R.L.L
YKL102C	R.L.L
YKL103C	L.L.R
YKL104C	R.L.L
YKL104W-A	R.L.L
YKL105C	L.L.R
YKL106C-A	L.L.R
YKL106W	R.L.L
YKL107W	R.L.L
YKL108W	L.L.R
YKL109W	L.L.R
YKL110C	L.R.R.L
YKL111C	L.L.R
YKL112W	L.L.L
YKL113C	L.R.R.L
YKL114C	L.L.L
YKL115C	L.L.R
YKL116C	L.L.R
YKL117W	L.L.R
YKL118W	L.L.R
YKL119C	L.L.R
YKL120W	L.R.L.R.L
YKL121W	L.L.L
YKL122C	L.R.L.R.R
YKL123W	R.R
YKL124W	R.R
YKL125W	L.L.R
YKL126W	R.L.L
YKL127W	L.R.L.R.R
YKL128C	L.L.L
YKL129C	R.L.R
YKL130C	L.L.L
YKL131W	L.L.R
YKL132C	L.L.R
YKL133C	R.L.R
YKL134C	L.L.L
YKL135C	L.L.L
YKL136W	L.L.R
YKL137W	L.L.L
YKL138C	L.L.R
YKL138C-A	L.L.R
YKL139W	R.L.L
YKL140W	R.L.R
YKL141W	L.L.R
YKL142W	R.L.L
YKL143W	L.R.R.R
YKL144C	L.R.R.L
YKL145W	L.L.R
YKL145W-A	L.L.R
YKL146W	R.L.L
YKL147C	R.L.L
YKL148C	L.L.R
YKL149C	L.L.R
YKL150W	L.L.R
YKL151C	R.L.R
YKL152C	L.L.R
YKL153W	R.L.L
YKL154W	L.L.L
YKL155C	L.L.L
YKL156C-A	L.L.R
YKL156W	L.L.R
YKL157W	L.L.L
YKL159C	R.L.L
YKL160W	L.L.L
YKL161C	R.L.L
YKL162C	R.L.L
YKL162C-A	L.L.L
YKL163W	R.L.R
YKL164C	L.L.R
YKL165C	R.R
YKL165C-A	R.L.L
YKL166C	L.R.R.L
YKL167C	L.L.L
YKL168C	R.L.R
YKL169C	L.L.R
YKL170W	L.L.L
YKL171W	R.L.R
YKL172W	L.R.R.L
YKL173W	R.L.L
YKL174C	R.R
YKL175W	R.L.L
YKL176C	L.L.R
YKL177W	R.R
YKL178C	R.L.L
YKL179C	R.R
YKL180W	L.L.R
YKL181W	L.R.R.L
YKL182W	L.R.L.L.L.R
YKL183C-A	R.R
YKL183W	L.L.R
YKL184W	L.L.L
YKL185W	L.L.L
YKL186C	L.L.R
YKL187C	L.L.R
YKL188C	R.L.L
YKL189W	R.L.R
YKL190W	L.L.R
YKL191W	L.R.R.L
YKL192C	L.L.R
YKL193C	R.L.L
YKL194C	L.L.L
YKL195W	L.L.L
YKL196C	L.L.R
YKL197C	L.L.L
YKL198C	R.L.L
YKL201C	R.L.R
YKL202W	R.R
YKL203C	L.L.R
YKL204W	L.L.R
YKL205W	L.R.L.R.L
YKL206C	L.L.L
YKL207W	L.L.R
YKL208W	L.L.L
YKL209C	L.L.R
YKL210W	L.L.R
YKL211C	L.R.L.L.R.R
YKL212W	R.L.L
YKL213C	R.L.L
YKL214C	L.R.L.L.R.R
YKL215C	L.L.L
YKL216W	L.R.R.R
YKL217W	L.L.R
YKL218C	L.L.R
YKL219W	L.L.L
YKL220C	L.L.R
YKL221W	L.L.R
YKL222C	R.L.L
YKL223W	L.L.R
YKL224C	L.L.R
YKL225W	L.L.R
YKR001C	L.L.L
YKR002W	R.L.L
YKR003W	L.L.L
YKR004C	L.L.R
YKR005C	L.L.R
YKR006C	L.L.L
YKR007W	L.L.L
YKR008W	R.L.L
YKR009C	R.L.L
YKR010C	L.R.L.R.R
YKR011C	R.L.R
YKR012C	R.R
YKR013W	L.R.R.L
YKR014C	L.L.R
YKR015C	L.L.R
YKR016W	L.L.L
YKR017C	R.L.R
YKR018C	R.L.L
YKR019C	R.R
YKR020W	R.L.L
YKR021W	R.L.L
YKR022C	R.L.L
YKR023W	R.L.L
YKR024C	L.R.R.L
YKR025W	L.R.L.L.R.L
YKR026C	L.R.R.L
YKR027W	L.L.R
YKR028W	L.L.R
YKR029C	L.L.R
YKR030W	L.L.R
YKR031C	L.L.R
YKR032W	L.L.R
YKR033C	R.L.L
YKR034W	L.L.R
YKR035C	L.L.R
YKR035W-A	L.L.R
YKR036C	R.L.L
YKR037C	R.L.L
YKR038C	L.L.R
YKR039W	L.L.R
YKR040C	L.L.R
YKR041W	R.L.L
YKR042W	L.L.R
YKR043C	L.L.R
YKR044W	L.L.R
YKR045C	L.R.R.L
YKR046C	L.L.R
YKR047W	L.L.R
YKR048C	L.L.R
YKR049C	R.L.L
YKR050W	R.L.L
YKR051W	L.L.L
YKR052C	R.L.R
YKR053C	R.R
YKR054C	L.L.R
YKR055W	L.L.L
YKR056W	L.R.R.L
YKR057W	L.L.R
YKR058W	R.L.R
YKR059W	L.L.R
YKR060W	L.R.R.L
YKR061W	R.R
YKR062W	L.L.L
YKR063C	L.L.R
YKR064W	L.L.R
YKR065C	L.L.L
YKR066C	R.L.L
YKR067W	L.L.L
YKR068C	L.L.R
YKR069W	R.L.L
YKR070W	L.L.L
YKR071C	L.L.R
YKR072C	R.L.L
YKR073C	L.L.R
YKR074W	L.R.L.R.R
YKR075C	L.L.L
YKR075W-A	R.L.L
YKR076W	L.L.L
YKR077W	L.L.L
YKR078W	L.L.L
YKR079C	L.R.R.L
YKR080W	L.L.R
YKR081C	L.R.R.R
YKR082W	L.L.L
YKR083C	L.L.L
YKR084C	L.L.L
YKR085C	L.R.L.L.R.R
YKR086W	L.L.R
YKR087C	L.L.L
YKR088C	L.L.R
YKR089C	R.L.R
YKR090W	L.L.L
YKR091W	R.L.L
YKR092C	L.R.R.R
YKR093W	L.L.L
YKR094C	L.L.R
YKR095W	R.R
YKR095W-A	L.L.L
YKR096W	R.L.L
YKR097W	L.L.R
YKR098C	L.L.L
YKR099W	L.R.R.L
YKR100C	R.L.L
YKR101W	R.L.L
YKR102W	L.L.R
YKR103W	L.L.R
YKR104W	L.L.R
YKR105C	L.L.R
YKR106W	L.L.R
YLL001W	L.L.L
YLL002W	L.L.R
YLL003W	R.R
YLL004W	L.L.R
YLL005C	L.L.R
YLL006W	R.L.L
YLL006W-A	R.L.L
YLL007C	L.L.R
YLL008W	L.R.R.R
YLL009C	L.L.R
YLL010C	L.L.R
YLL011W	L.R.R.L
YLL012W	L.L.R
YLL013C	L.L.R
YLL014W	L.L.R
YLL015W	R.L.R
YLL016W	R.L.L
YLL017W	L.L.R
YLL018C	L.R.L.R.R
YLL018C-A	L.R.L.R.R
YLL019C	R.L.R
YLL019W-A	L.L.R
YLL020C	R.L.L
YLL021W	R.R
YLL022C	L.R.R.L
YLL023C	R.L.L
YLL024C	L.L.R
YLL025W	R.R
YLL026W	R.L.L
YLL027W	L.L.R
YLL028W	R.L.L
YLL029W	R.L.L
YLL030C	L.L.R
YLL031C	L.L.L
YLL032C	L.L.R
YLL033W	R.L.L
YLL034C	L.R.R.L
YLL035W	R.R
YLL036C	L.L.R
YLL037W	R.R
YLL038C	L.R.L.R.R
YLL039C	R.L.L
YLL040C	L.L.R
YLL041C	L.L.L
YLL042C	L.R.R.L
YLL043W	R.L.L
YLL044W	L.L.L
YLL045C	L.R.L.R.R
YLL046C	R.L.L
YLL047W	L.L.R
YLL048C	L.R.L.R.R
YLL049W	L.L.L
YLL050C	L.L.R
YLL051C	R.L.L
YLL052C	R.R
YLL053C	R.R
YLL054C	L.L.R
YLL055W	L.L.R
YLL056C	R.R
YLL057C	R.L.L
YLL058W	R.L.L
YLL059C	L.L.R
YLL060C	R.L.L
YLL061W	L.L.R
YLL062C	L.L.R
YLL063C	L.L.R
YLL064C	R.L.L
YLL065W	L.L.R
YLL066C	L.L.R
YLL066W-B	L.L.R
YLL067C	L.L.R
YLR001C	R.L.L
YLR002C	L.R.R.L
YLR003C	L.R.R.R
YLR004C	L.R.R.R
YLR005W	L.L.L
YLR006C	R.R
YLR007W	L.L.R
YLR008C	L.L.L
YLR009W	L.R.R.L
YLR010C	L.L.L
YLR011W	L.L.L
YLR012C	R.L.L
YLR013W	R.L.L
YLR014C	L.L.R
YLR015W	L.R.R.L
YLR016C	R.L.L
YLR017W	L.R.L.R.L
YLR018C	L.L.R
YLR019W	R.L.L
YLR020C	R.L.L
YLR021W	L.L.L
YLR022C	L.R.L.R.L
YLR023C	L.L.R
YLR024C	L.L.R
YLR025W	L.L.R
YLR026C	R.L.L
YLR027C	L.L.R
YLR028C	R.L.L
YLR029C	L.L.R
YLR030W	R.L.L
YLR031W	R.R
YLR032W	L.L.R
YLR033W	L.L.R
YLR034C	R.L.L
YLR035C	R.L.L
YLR035C-A	L.L.R
YLR036C	L.L.R
YLR037C	R.R
YLR038C	L.L.R
YLR039C	L.L.L
YLR040C	R.L.L
YLR041W	R.L.L
YLR042C	L.L.R
YLR043C	L.L.R
YLR044C	L.L.R
YLR045C	L.L.R
YLR046C	R.R
YLR047C	R.L.L
YLR048W	L.R.L.R.R
YLR049C	L.L.R
YLR050C	L.L.R
YLR051C	L.R.R.L
YLR052W	L.L.L
YLR053C	R.L.L
YLR054C	R.R
YLR055C	L.L.L
YLR056W	L.L.R
YLR057W	L.L.R
YLR058C	L.L.R
YLR059C	L.L.R
YLR060W	L.R.L.R.R
YLR061W	L.R.L.R.R
YLR062C	L.L.R
YLR063W	L.L.R
YLR064W	R.L.L
YLR065C	L.R.L.R.R
YLR066W	L.L.R
YLR067C	L.L.R
YLR068W	L.R.R.L
YLR069C	L.L.L
YLR070C	R.L.R
YLR071C	L.L.R
YLR072W	L.L.R
YLR073C	L.R.R.L
YLR074C	L.R.R.L
YLR075W	L.L.R
YLR076C	L.L.R
YLR077W	L.R.L.R.R
YLR078C	R.L.L
YLR079W	R.L.L
YLR080W	R.L.L
YLR081W	L.L.R
YLR082C	R.L.L
YLR083C	L.R.L.R.L
YLR084C	R.L.L
YLR085C	L.L.L
YLR086W	R.L.L
YLR087C	L.L.R
YLR088W	L.L.L
YLR089C	L.L.L
YLR090W	L.L.L
YLR091W	L.L.L
YLR092W	R.L.L
YLR093C	R.L.L
YLR094C	R.L.L
YLR095C	R.L.L
YLR096W	L.L.R
YLR097C	R.L.L
YLR098C	R.L.L
YLR099C	R.R
YLR099W-A	R.L.L
YLR100W	L.L.R
YLR101C	L.L.R
YLR102C	L.L.L
YLR103C	L.L.R
YLR104W	L.L.R
YLR105C	L.L.R
YLR106C	R.R
YLR107W	R.R
YLR108C	R.L.R
YLR109W	L.L.R
YLR110C	L.L.R
YLR111W	R.R
YLR112W	R.R
YLR113W	R.L.L
YLR114C	L.R.L.R.R
YLR115W	L.L.R
YLR116W	L.L.R
YLR117C	R.L.L
YLR118C	L.L.R
YLR119W	L.L.L
YLR120C	R.L.R
YLR120W-A	L.L.R
YLR121C	R.R
YLR122C	L.L.R
YLR123C	L.L.R
YLR124W	L.L.R
YLR125W	R.R
YLR126C	R.L.L
YLR127C	L.L.R
YLR128W	L.L.L
YLR129W	L.R.R.L
YLR130C	L.L.R
YLR131C	L.L.R
YLR132C	L.L.L
YLR133W	L.L.L
YLR134W	L.L.R
YLR135W	R.L.L
YLR136C	R.R
YLR137W	R.R
YLR138W	R.L.L
YLR139C	L.L.L
YLR140W	L.L.R
YLR141W	L.R.L.R.R
YLR142W	R.R
YLR143W	L.L.L
YLR144C	R.L.L
YLR145W	L.L.R
YLR146C	L.R.L.L.R.L
YLR146W-A	L.L.R
YLR147C	L.L.L
YLR148W	L.L.L
YLR149C	R.L.R
YLR149C-A	L.L.R
YLR150W	L.L.R
YLR151C	L.L.L
YLR152C	R.L.R
YLR153C	L.R.L.L.R.R
YLR154C	L.R.L.L.R.R
YLR154C-G	L.L.R
YLR154C-H	L.L.R
YLR154W-A	R.L.L
YLR154W-B	R.L.L
YLR154W-C	L.L.R
YLR154W-E	R.R
YLR154W-F	R.R
YLR155C	L.L.R
YLR156W	L.L.R
YLR157C-B	L.L.R
YLR157W-D	L.L.R
YLR157W-E	L.L.R
YLR162W	R.R
YLR162W-A	L.L.R
YLR163C	L.L.L
YLR163W-A	L.L.R
YLR164W	L.L.R
YLR165C	L.L.R
YLR166C	L.L.L
YLR167W	L.L.R
YLR168C	L.L.R
YLR169W	L.L.R
YLR170C	R.L.L
YLR171W	R.R
YLR172C	L.R.L.R.L
YLR173W	R.L.L
YLR174W	R.R
YLR175W	L.R.R.L
YLR176C	R.L.L
YLR177W	R.L.R
YLR178C	R.L.R
YLR179C	L.L.R
YLR180W	L.R.R.L
YLR181C	L.L.L
YLR182W	L.L.L
YLR183C	L.R.L.R.R
YLR184W	L.L.R
YLR185W	L.L.R
YLR186W	L.R.R.L
YLR187W	R.R
YLR188W	L.R.L.R.L
YLR189C	R.L.L
YLR190W	R.L.L
YLR191W	L.L.L
YLR192C	L.L.R
YLR193C	L.L.L
YLR194C	R.L.L
YLR195C	L.R.L.L.R.R
YLR196W	L.R.R.R
YLR197W	L.R.R.R
YLR198C	L.R.R.L
YLR199C	R.L.L
YLR200W	L.L.R
YLR201C	L.L.R
YLR202C	R.L.L
YLR203C	L.L.L
YLR204W	L.L.R
YLR205C	R.L.R
YLR206W	R.L.L
YLR207W	L.L.L
YLR208W	L.L.R
YLR209C	L.L.R
YLR210W	R.R
YLR211C	L.L.R
YLR212C	L.R.L.L.R.R
YLR213C	R.R
YLR214W	R.R
YLR215C	L.R.L.R.L
YLR216C	L.L.R
YLR217W	R.L.L
YLR218C	L.L.L
YLR219W	R.R
YLR220W	L.L.R
YLR221C	L.R.R.R
YLR222C	L.R.R.L
YLR222C-A	L.R.R.L
YLR223C	R.R
YLR224W	L.L.R
YLR225C	R.L.R
YLR226W	L.L.R
YLR227C	R.L.L
YLR227W-B	R.L.L
YLR228C	L.L.R
YLR229C	L.L.L
YLR230W	L.L.R
YLR231C	L.L.R
YLR232W	L.L.R
YLR233C	R.R
YLR234W	R.L.L
YLR235C	L.L.R
YLR236C	L.L.R
YLR237W	L.R.L.R.R
YLR238W	R.L.L
YLR239C	L.L.L
YLR240W	R.L.L
YLR241W	R.L.L
YLR242C	L.L.L
YLR243W	L.R.R.L
YLR244C	L.L.R
YLR245C	R.L.L
YLR246W	R.L.L
YLR247C	R.R
YLR248W	R.L.L
YLR249W	L.R.L.R.R
YLR250W	R.L.L
YLR251W	R.L.R
YLR252W	R.L.R
YLR253W	L.L.R
YLR254C	R.R
YLR255C	R.R
YLR256W	R.R
YLR256W-A	L.L.R
YLR257W	R.L.L
YLR258W	R.L.R
YLR259C	L.L.R
YLR260W	R.R
YLR261C	L.L.R
YLR262C	L.L.R
YLR262C-A	L.L.R
YLR263W	R.R
YLR264C-A	L.L.R
YLR264W	L.L.R
YLR265C	L.L.R
YLR266C	L.L.R
YLR267W	L.L.R
YLR268W	L.L.L
YLR269C	R.L.L
YLR270W	R.L.R
YLR271W	R.L.R
YLR272C	R.R
YLR273C	L.L.R
YLR274W	L.L.L
YLR275W	L.L.L
YLR276C	L.R.R.R
YLR277C	L.L.L
YLR278C	L.L.R
YLR279W	R.L.L
YLR280C	R.L.L
YLR281C	R.L.L
YLR282C	L.L.R
YLR283W	L.L.L
YLR284C	L.L.L
YLR285C-A	L.L.R
YLR285W	L.R.L.L.R.R
YLR286C	L.R.L.L.L.L.R.R
YLR286W-A	L.L.R
YLR287C	L.R.L.R.L
YLR287C-A	L.L.R
YLR288C	L.L.R
YLR289W	L.L.L
YLR290C	L.L.L
YLR291C	L.L.L
YLR292C	L.L.R
YLR293C	L.L.R
YLR294C	L.L.R
YLR295C	L.L.R
YLR296W	L.L.R
YLR297W	L.L.L
YLR298C	R.L.L
YLR299C-A	L.L.R
YLR299W	R.L.L
YLR300W	L.R.L.R.L
YLR301W	L.L.R
YLR302C	L.L.R
YLR303W	L.L.R
YLR304C	L.L.L
YLR305C	L.R.L.R.R
YLR306W	L.R.L.R.R
YLR307C-A	R.R
YLR307W	L.L.R
YLR308W	L.L.R
YLR309C	R.L.L
YLR310C	L.L.R
YLR311C	L.L.R
YLR312C	L.L.R
YLR312W-A	L.R.L.L.R.R
YLR313C	R.R
YLR314C	L.L.R
YLR315W	R.L.L
YLR316C	L.R.L.R.L
YLR317W	R.L.L
YLR318W	L.L.R
YLR319C	L.L.R
YLR320W	L.L.R
YLR321C	L.R.L.R.R
YLR322W	L.L.R
YLR323C	R.L.L
YLR324W	L.L.L
YLR325C	L.L.R
YLR326W	L.L.R
YLR327C	R.L.L
YLR328W	L.L.L
YLR329W	L.L.R
YLR330W	R.L.L
YLR331C	L.L.R
YLR332W	R.L.L
YLR333C	L.L.R
YLR334C	L.L.R
YLR335W	L.L.R
YLR336C	R.R
YLR337C	R.L.R
YLR338W	R.R
YLR339C	L.L.R
YLR340W	L.L.R
YLR341W	L.L.R
YLR342W	L.L.R
YLR342W-A	R.R
YLR343W	R.L.L
YLR344W	L.L.R
YLR345W	R.L.R
YLR346C	R.L.L
YLR347C	L.L.R
YLR347W-A	L.L.R
YLR348C	L.L.R
YLR349W	R.L.L
YLR350W	R.L.L
YLR351C	L.R.L.L.R.R
YLR352W	R.L.L
YLR353W	L.R.L.R.R
YLR354C	L.L.R
YLR355C	L.L.R
YLR356W	L.L.L
YLR357W	L.L.R
YLR358C	L.L.R
YLR359W	L.R.L.L.L.R
YLR360W	L.L.L
YLR361C	L.L.L
YLR361C-A	L.L.L
YLR362W	R.L.L
YLR363C	L.L.L
YLR363W-A	L.R.R.L
YLR364C-A	L.L.R
YLR364W	L.R.L.R.L
YLR365W	L.L.R
YLR366W	R.L.L
YLR367W	L.R.L.R.R
YLR368W	L.L.R
YLR369W	L.L.L
YLR370C	L.L.L
YLR371W	R.L.L
YLR372W	L.R.R.L
YLR373C	R.R
YLR374C	R.R
YLR375W	R.L.L
YLR376C	R.L.L
YLR377C	R.L.L
YLR378C	L.L.R
YLR379W	L.L.R
YLR379W-A	R.L.L
YLR380W	R.L.L
YLR381W	R.R
YLR382C	L.L.L
YLR383W	R.L.L
YLR384C	L.R.R.L
YLR385C	L.L.R
YLR386W	L.L.L
YLR387C	R.L.L
YLR388W	L.L.R
YLR389C	L.L.L
YLR390W	L.L.L
YLR390W-A	L.L.R
YLR392C	R.L.R
YLR393W	L.L.R
YLR394W	L.L.R
YLR395C	L.L.R
YLR396C	R.L.L
YLR397C	L.R.R.L
YLR398C	R.L.L
YLR399C	R.L.L
YLR399W-A	L.L.R
YLR400W	L.L.R
YLR401C	L.R.R.L
YLR402W	R.R
YLR403W	R.L.L
YLR404W	L.L.L
YLR405W	L.R.L.R.R
YLR406C	L.R.L.R.R
YLR406C-A	L.L.R
YLR407W	L.L.R
YLR408C	L.L.L
YLR409C	L.R.R.R
YLR410W	R.L.L
YLR410W-A	R.L.L
YLR410W-B	R.R
YLR411W	L.L.R
YLR412C-A	R.R
YLR412W	L.L.R
YLR413W	L.R.R.R
YLR414C	R.L.L
YLR415C	R.R
YLR416C	R.L.L
YLR417W	R.R
YLR418C	L.L.L
YLR419W	L.L.R
YLR420W	L.R.L.L.L.L.R.L
YLR421C	L.L.R
YLR422W	R.L.L
YLR423C	L.L.L
YLR424W	L.L.L
YLR425W	R.L.L
YLR426W	L.L.L
YLR427W	R.L.L
YLR428C	R.L.L
YLR429W	R.L.L
YLR430W	L.R.R.L
YLR431C	R.L.L
YLR432W	L.R.R.L
YLR433C	L.L.L
YLR434C	L.L.R
YLR435W	L.R.R.R
YLR436C	R.L.R
YLR437C	R.L.L
YLR437C-A	R.L.L
YLR438C-A	L.L.R
YLR438W	L.L.L
YLR439W	L.R.L.L.R.R
YLR440C	L.L.L
YLR441C	L.R.L.R.R
YLR442C	L.L.L
YLR443W	L.L.R
YLR444C	L.L.R
YLR445W	L.L.R
YLR446W	L.L.L
YLR447C	L.L.R
YLR448W	L.R.L.R.R
YLR449W	L.R.R.L
YLR450W	L.L.L
YLR451W	L.R.R.L
YLR452C	L.L.R
YLR453C	L.L.R
YLR454W	R.L.L
YLR455W	R.R
YLR456W	L.R.L.R.L
YLR457C	R.R
YLR458W	L.L.R
YLR459W	L.L.L
YLR460C	R.L.L
YLR461W	L.L.R
YLR462W	L.L.R
YLR463C	R.L.L
YLR465C	L.L.R
YLR466C-A	L.L.R
YLR466C-B	L.L.R
YLR466W	L.L.R
YML001W	L.L.L
YML002W	R.L.L
YML003W	R.L.L
YML004C	R.L.L
YML005W	L.L.R
YML006C	R.L.L
YML007C-A	L.L.R
YML007W	R.L.L
YML008C	L.L.R
YML009C	L.L.R
YML009C-A	L.L.R
YML009W-B	L.L.R
YML010W	L.L.R
YML011C	R.L.L
YML012C-A	L.L.R
YML012W	L.L.R
YML013W	R.L.L
YML014W	L.R.L.R.L
YML015C	L.L.R
YML016C	L.L.L
YML017W	L.R.L.R.R
YML018C	L.R.R.L
YML019W	L.R.L.L.R.R
YML020W	R.L.L
YML021C	R.L.L
YML022W	L.R.L.R.L
YML023C	L.R.R.L
YML024W	L.L.R
YML025C	L.L.R
YML026C	L.R.L.R.R
YML027W	L.L.R
YML028W	L.L.R
YML029W	R.L.L
YML030W	L.L.R
YML031C-A	R.L.L
YML031W	L.L.R
YML032C	R.L.R
YML034C-A	R.L.L
YML034W	R.L.L
YML035C	L.L.R
YML036W	L.R.L.L.R.R
YML037C	L.L.R
YML038C	R.R
YML039W	L.L.R
YML041C	R.L.L
YML042W	L.L.L
YML043C	L.R.R.L
YML045W	L.L.R
YML045W-A	L.L.R
YML046W	L.L.R
YML047C	L.L.R
YML047W-A	L.L.R
YML048W	L.L.L
YML049C	R.L.L
YML050W	L.L.L
YML051W	L.L.R
YML052W	L.L.L
YML053C	L.R.L.R.R
YML054C	R.L.R
YML054C-A	R.R
YML055W	L.L.R
YML056C	L.R.R.R
YML057C-A	R.R
YML057W	R.L.R
YML058W	L.L.R
YML058W-A	R.R
YML059C	R.L.L
YML060W	L.R.L.R.L
YML061C	L.L.R
YML062C	L.L.R
YML063W	L.L.R
YML064C	L.R.L.L.R.R
YML065W	R.L.L
YML066C	L.L.R
YML067C	L.L.R
YML068W	R.L.L
YML069W	L.L.R
YML070W	R.L.L
YML071C	L.L.R
YML072C	L.L.R
YML073C	L.R.L.R.R
YML074C	L.L.R
YML075C	L.R.L.L.L.R
YML076C	R.L.L
YML077W	L.L.L
YML078W	L.L.R
YML079W	L.L.L
YML080W	L.R.R.L
YML081C-A	L.L.R
YML081W	R.R
YML082W	L.L.R
YML083C	L.L.R
YML084W	L.L.R
YML085C	L.L.R
YML086C	L.R.L.L.R.R
YML087C	L.L.R
YML088W	R.L.L
YML089C	L.L.R
YML090W	L.L.R
YML091C	L.R.L.R.R
YML092C	L.L.R
YML093W	L.R.R.R
YML094C-A	L.L.R
YML094W	L.L.R
YML095C	R.L.L
YML096W	L.R.L.R.L
YML097C	L.L.R
YML098W	L.L.L
YML099C	L.L.R
YML099W-A	L.L.R
YML100W	R.L.R
YML100W-A	R.R
YML101C	R.L.L
YML101C-A	L.L.R
YML102W	R.L.L
YML103C	L.L.R
YML104C	L.L.R
YML105C	L.L.L
YML106W	L.R.L.R.R
YML107C	L.L.L
YML108W	L.L.R
YML109W	L.L.R
YML110C	L.L.R
YML111W	L.L.R
YML112W	R.L.L
YML113W	L.L.R
YML114C	L.L.R
YML115C	L.L.L
YML116W	L.L.R
YML116W-A	R.L.L
YML117W	R.L.R
YML118W	R.R
YML119W	L.R.L.R.R
YML120C	L.L.L
YML121W	L.L.L
YML122C	L.L.R
YML123C	L.L.R
YML124C	L.L.R
YML125C	L.L.R
YML126C	L.L.R
YML127W	R.L.L
YML128C	R.L.R
YML129C	L.L.R
YML130C	R.L.L
YML131W	L.L.L
YML133C	L.L.R
YMR001C	L.R.R.L
YMR001C-A	L.R.R.L
YMR002W	L.L.R
YMR003W	L.L.R
YMR004W	R.L.L
YMR005W	L.L.R
YMR006C	L.R.R.L
YMR007W	R.L.L
YMR008C	R.L.L
YMR008C-A	R.R
YMR009W	R.L.L
YMR010W	R.R
YMR011W	L.L.R
YMR012W	L.L.L
YMR013C	L.L.R
YMR013C-A	L.L.R
YMR013W-A	L.L.R
YMR014W	L.R.R.L
YMR015C	L.R.L.R.R
YMR016C	L.L.R
YMR017W	R.R
YMR018W	L.L.R
YMR019W	L.L.R
YMR020W	R.R
YMR021C	R.L.L
YMR022W	R.L.L
YMR023C	L.L.R
YMR024W	L.L.L
YMR025W	L.L.L
YMR026C	L.L.R
YMR027W	L.L.L
YMR028W	R.L.L
YMR029C	R.L.R
YMR030W	R.R
YMR030W-A	L.L.R
YMR031C	L.L.L
YMR031W-A	R.L.L
YMR032W	L.L.R
YMR033W	L.L.R
YMR034C	R.L.L
YMR035W	L.L.L
YMR036C	R.R
YMR037C	R.L.R
YMR038C	L.L.R
YMR039C	R.L.L
YMR040W	R.R
YMR041C	R.L.L
YMR042W	L.L.R
YMR043W	R.L.L
YMR044W	R.L.L
YMR045C	L.L.R
YMR046C	L.L.R
YMR046W-A	L.L.R
YMR047C	L.L.R
YMR048W	L.L.L
YMR049C	L.R.R.R
YMR050C	L.L.R
YMR052C-A	R.L.L
YMR052W	R.L.L
YMR053C	R.L.R
YMR054W	R.L.L
YMR055C	L.L.L
YMR056C	R.R
YMR057C	L.L.R
YMR058W	L.R.L.L.L.R
YMR059W	L.L.L
YMR060C	L.L.L
YMR061W	L.L.R
YMR062C	L.R.L.L.R.L
YMR063W	L.L.R
YMR064W	L.L.R
YMR065W	L.L.R
YMR066W	R.L.L
YMR067C	R.L.L
YMR068W	R.L.L
YMR069W	R.R
YMR070W	R.L.L
YMR071C	R.L.L
YMR072W	L.L.R
YMR073C	L.L.R
YMR074C	L.L.L
YMR075C-A	L.L.R
YMR075W	R.R
YMR076C	L.R.R.L
YMR077C	R.L.L
YMR078C	L.L.R
YMR079W	L.L.R
YMR080C	L.L.R
YMR081C	L.L.L
YMR082C	L.L.R
YMR083W	L.L.R
YMR084W	R.R
YMR085W	R.R
YMR086C-A	L.L.R
YMR086W	R.L.R
YMR087W	R.L.L
YMR088C	L.L.R
YMR089C	L.L.R
YMR090W	R.L.R
YMR091C	L.L.L
YMR092C	L.L.L
YMR093W	L.R.R.L
YMR094W	L.L.R
YMR095C	L.R.R.L
YMR096W	L.R.R.L
YMR097C	L.L.L
YMR098C	L.L.L
YMR099C	L.L.L
YMR100W	R.L.L
YMR101C	L.L.R
YMR102C	R.R
YMR103C	R.L.L
YMR104C	L.L.L
YMR105C	R.L.R
YMR105W-A	R.L.L
YMR106C	L.L.R
YMR106W-A	R.L.L
YMR107W	R.R
YMR108W	L.L.R
YMR109W	L.L.L
YMR110C	L.L.L
YMR111C	R.L.L
YMR112C	L.L.R
YMR113W	R.L.L
YMR114C	R.L.L
YMR115W	R.L.L
YMR116C	L.L.R
YMR117C	L.L.R
YMR118C	R.L.L
YMR119W	L.L.L
YMR119W-A	L.L.L
YMR120C	L.L.R
YMR121C	R.L.L
YMR122C	R.L.L
YMR122W-A	L.L.R
YMR123W	L.L.R
YMR124W	R.L.L
YMR125W	R.L.L
YMR126C	R.L.L
YMR127C	L.L.R
YMR128W	L.R.R.L
YMR129W	L.L.L
YMR130W	L.L.L
YMR131C	L.R.R.R
YMR132C	L.R.L.R.L
YMR133W	L.L.R
YMR134W	L.L.R
YMR135C	R.L.R
YMR135W-A	L.L.R
YMR136W	R.R
YMR137C	R.R
YMR138W	L.R.L.R.L
YMR139W	R.L.R
YMR140W	R.L.R
YMR141C	L.L.R
YMR141W-A	L.L.R
YMR142C	L.R.L.R.R
YMR143W	L.R.L.R.R
YMR144W	L.R.L.R.L
YMR145C	L.L.R
YMR146C	L.L.R
YMR147W	L.R.L.L.R.R
YMR148W	L.L.L
YMR149W	L.L.R
YMR150C	L.L.R
YMR151W	L.L.R
YMR152W	L.L.L
YMR153C-A	L.L.R
YMR153W	R.L.L
YMR154C	L.L.R
YMR155W	R.L.L
YMR156C	R.L.L
YMR157C	L.L.L
YMR158C-A	R.L.L
YMR158W	L.L.L
YMR158W-B	L.L.R
YMR159C	R.L.R
YMR160W	L.L.L
YMR161W	R.L.L
YMR162C	L.L.R
YMR163C	L.L.R
YMR164C	L.L.R
YMR165C	R.L.R
YMR166C	L.L.R
YMR167W	L.L.L
YMR168C	L.L.R
YMR169C	R.L.R
YMR170C	R.L.L
YMR171C	R.L.L
YMR172C-A	L.L.R
YMR172W	L.L.R
YMR173W	R.L.R
YMR173W-A	R.L.R
YMR174C	R.L.L
YMR175W	R.L.R
YMR175W-A	L.L.R
YMR176W	L.L.R
YMR177W	R.L.L
YMR178W	L.L.R
YMR179W	R.L.L
YMR180C	R.R
YMR181C	R.L.R
YMR182C	L.R.L.R.R
YMR182W-A	L.L.R
YMR183C	L.L.R
YMR184W	R.L.L
YMR185W	R.R
YMR186W	L.L.R
YMR187C	R.L.L
YMR188C	L.L.L
YMR189W	L.L.L
YMR190C	L.L.R
YMR191W	R.L.L
YMR192W	L.L.L
YMR193C-A	L.L.R
YMR193W	L.L.R
YMR194C-A	R.L.R
YMR194C-B	L.L.L
YMR194W	L.L.R
YMR195W	L.L.L
YMR196W	R.L.R
YMR197C	L.L.L
YMR198W	L.L.R
YMR199W	L.R.L.R.R
YMR200W	R.L.L
YMR201C	R.L.L
YMR202W	L.L.R
YMR203W	L.L.L
YMR204C	L.L.R
YMR205C	L.L.R
YMR206W	L.L.R
YMR207C	L.L.R
YMR208W	L.L.R
YMR209C	L.R.R.L
YMR210W	R.L.R
YMR211W	R.R
YMR212C	L.R.L.R.R
YMR213W	R.L.L
YMR214W	R.L.L
YMR215W	L.L.R
YMR216C	L.L.R
YMR217W	L.R.L.R.R
YMR218C	R.L.L
YMR219W	R.R
YMR220W	L.L.R
YMR221C	L.L.R
YMR222C	L.L.L
YMR223W	L.L.R
YMR224C	L.L.L
YMR225C	L.L.L
YMR226C	L.L.R
YMR227C	R.L.L
YMR228W	L.L.L
YMR229C	L.R.R.R
YMR230W	L.L.R
YMR230W-A	L.R.L.R.L
YMR231W	L.L.L
YMR232W	L.L.R
YMR233W	L.L.R
YMR234W	R.L.L
YMR235C	L.L.L
YMR236W	L.L.L
YMR237W	L.L.L
YMR238W	L.L.L
YMR239C	L.R.R.L
YMR240C	R.R
YMR241W	L.R.L.R.L
YMR242C	L.L.R
YMR242W-A	L.L.R
YMR243C	L.R.L.R.R
YMR244C-A	R.L.L
YMR244W	R.L.L
YMR245W	L.L.R
YMR246W	L.R.R.R
YMR247C	L.L.L
YMR247W-A	R.L.L
YMR250W	R.L.R
YMR251W	R.L.L
YMR251W-A	L.L.R
YMR252C	R.L.L
YMR253C	R.L.L
YMR254C	R.L.L
YMR255W	R.L.L
YMR256C	L.L.R
YMR257C	L.L.R
YMR258C	R.L.R
YMR259C	L.R.L.R.R
YMR260C	L.L.R
YMR261C	L.L.L
YMR262W	R.L.R
YMR263W	L.L.L
YMR264W	L.L.R
YMR265C	R.R
YMR266W	R.R
YMR267W	L.R.L.L.R.R
YMR268C	L.L.L
YMR269W	L.R.R.L
YMR270C	R.L.L
YMR271C	R.L.L
YMR272C	L.L.R
YMR272W-A	L.L.R
YMR272W-B	L.L.R
YMR273C	L.L.R
YMR274C	L.L.L
YMR275C	R.L.L
YMR276W	L.L.L
YMR277W	L.L.R
YMR278W	R.L.R
YMR279C	R.R
YMR280C	L.L.R
YMR281W	L.L.L
YMR282C	L.L.R
YMR283C	L.L.L
YMR284W	L.L.L
YMR285C	L.L.R
YMR286W	L.L.R
YMR287C	L.L.L
YMR288W	L.L.R
YMR289W	L.R.L.L.R.R
YMR290C	L.R.R.R
YMR290W-A	L.L.R
YMR291W	R.L.R
YMR292W	L.L.R
YMR293C	L.L.L
YMR294W	L.L.R
YMR294W-A	L.L.R
YMR295C	R.L.L
YMR296C	L.L.R
YMR297W	L.L.R
YMR298W	L.L.R
YMR299C	L.L.R
YMR300C	L.L.R
YMR301C	L.R.L.R.L
YMR302C	R.L.L
YMR303C	L.L.R
YMR304C-A	L.R.R.R
YMR304W	R.L.R
YMR305C	L.R.R.R
YMR306C-A	L.L.R
YMR306W	L.L.R
YMR307C-A	L.L.R
YMR307W	L.L.R
YMR308C	L.R.L.R.R
YMR309C	L.R.R.L
YMR310C	L.R.R.L
YMR311C	R.L.L
YMR312W	L.L.R
YMR313C	L.L.L
YMR314W	L.L.R
YMR315W	R.L.R
YMR315W-A	L.L.R
YMR316C-A	R.L.L
YMR316C-B	R.L.L
YMR316W	R.R
YMR317W	R.L.L
YMR318C	L.L.R
YMR319C	R.R
YMR320W	R.R
YMR321C	L.L.R
YMR322C	L.L.R
YMR323W	R.L.L
YMR324C	L.L.R
YMR325W	L.L.R
YMR326C	L.L.R
YNL001W	L.L.L
YNL002C	L.R.R.R
YNL003C	L.L.R
YNL004W	L.R.R.L
YNL005C	L.L.R
YNL006W	R.L.R
YNL007C	L.L.R
YNL008C	L.R.R.L
YNL009W	R.L.L
YNL010W	L.L.R
YNL011C	R.L.R
YNL012W	R.L.L
YNL013C	L.L.R
YNL014W	L.L.R
YNL015W	L.L.R
YNL016W	L.R.L.R.R
YNL017C	L.L.R
YNL018C	L.L.R
YNL019C	R.L.L
YNL020C	R.R
YNL021W	R.L.L
YNL022C	L.L.R
YNL023C	R.R
YNL024C	L.L.R
YNL024C-A	L.L.R
YNL025C	R.R
YNL026W	L.L.L
YNL027W	R.L.L
YNL028W	L.L.R
YNL029C	L.L.R
YNL030W	L.L.R
YNL031C	L.L.R
YNL032W	L.L.R
YNL033W	L.L.R
YNL034W	L.L.R
YNL035C	L.R.L.R.R
YNL036W	R.L.R
YNL037C	L.L.R
YNL038W	L.R.L.R.R
YNL039W	R.L.L
YNL040C-A	L.L.R
YNL040W	L.L.L
YNL041C	L.L.L
YNL042W	R.R
YNL042W-B	R.R
YNL043C	R.L.L
YNL044W	L.L.R
YNL045W	L.L.L
YNL046W	R.R
YNL047C	R.L.L
YNL048W	L.L.L
YNL049C	L.L.R
YNL050C	L.L.R
YNL051W	L.L.R
YNL052W	L.L.R
YNL053W	R.L.L
YNL054W	R.L.L
YNL054W-A	L.L.R
YNL054W-B	L.L.R
YNL055C	L.L.R
YNL056W	L.L.R
YNL057W	R.R
YNL058C	L.R.L.R.R
YNL059C	L.L.R
YNL061W	L.R.R.R
YNL062C	L.R.R.R
YNL063W	R.R
YNL064C	L.L.R
YNL065W	L.L.R
YNL066W	L.R.L.R.R
YNL067W	L.L.R
YNL067W-A	R.R
YNL067W-B	L.R.R.L
YNL068C	L.R.L.R.R
YNL069C	L.R.L.R.R
YNL070W	L.L.R
YNL071W	L.L.R
YNL072W	L.R.L.R.L
YNL073W	R.L.L
YNL074C	R.L.L
YNL075W	L.R.R.R
YNL076W	R.L.L
YNL077W	R.R
YNL078W	R.L.L
YNL079C	L.L.R
YNL080C	R.L.L
YNL081C	L.L.R
YNL082W	L.L.R
YNL083W	R.L.L
YNL084C	R.L.L
YNL085W	L.L.R
YNL086W	L.L.L
YNL087W	L.R.R.L
YNL088W	L.R.R.L
YNL089C	L.L.R
YNL090W	L.R.L.R.R
YNL091W	R.L.L
YNL092W	R.L.R
YNL093W	R.R
YNL094W	R.L.L
YNL095C	L.L.R
YNL096C	L.L.R
YNL097C	R.L.L
YNL097C-B	L.L.R
YNL097W-A	R.R
YNL098C	L.L.R
YNL099C	L.L.R
YNL100W	L.L.R
YNL101W	L.L.R
YNL102W	L.R.L.R.R
YNL103W	R.R
YNL103W-A	L.L.R
YNL104C	L.L.R
YNL105W	L.L.R
YNL106C	L.L.R
YNL107W	L.L.L
YNL108C	L.L.L
YNL109W	L.L.R
YNL110C	L.R.R.R
YNL111C	L.L.R
YNL112W	L.R.R.R
YNL113W	L.R.R.L
YNL114C	L.L.R
YNL115C	L.L.L
YNL116W	L.L.L
YNL117W	L.L.R
YNL118C	L.L.R
YNL119W	L.R.R.L
YNL120C	L.L.R
YNL121C	L.L.L
YNL122C	L.L.L
YNL123W	R.L.L
YNL124W	L.R.R.L
YNL125C	R.R
YNL126W	L.L.R
YNL127W	R.R
YNL128W	L.L.R
YNL129W	L.R.L.R.R
YNL130C	L.L.L
YNL130C-A	R.R
YNL131W	L.L.R
YNL132W	L.R.R.R
YNL133C	R.L.L
YNL134C	R.L.L
YNL135C	L.L.R
YNL136W	R.L.L
YNL137C	L.L.L
YNL138W	L.L.R
YNL138W-A	R.L.L
YNL139C	L.L.R
YNL140C	L.L.R
YNL141W	L.R.R.R
YNL142W	L.L.R
YNL143C	L.L.R
YNL144C	L.L.R
YNL144W-A	L.L.R
YNL145W	L.L.R
YNL146C-A	R.L.L
YNL146W	L.L.L
YNL147W	L.L.L
YNL148C	L.R.L.L.R.R
YNL149C	L.L.R
YNL150W	L.L.R
YNL151C	L.R.R.L
YNL152W	L.L.R
YNL153C	L.R.L.R.R
YNL154C	L.L.R
YNL155C-A	L.L.R
YNL155W	R.L.R
YNL156C	R.L.L
YNL157W	R.L.L
YNL158W	R.L.L
YNL159C	R.L.R
YNL160W	L.L.R
YNL161W	R.L.L
YNL162W	L.L.R
YNL162W-A	L.R.R.R
YNL163C	L.R.R.L
YNL164C	L.L.R
YNL165W	R.L.L
YNL166C	L.L.L
YNL167C	R.L.L
YNL168C	L.R.L.L.R.R
YNL169C	L.L.L
YNL170W	R.L.L
YNL171C	L.L.R
YNL172W	L.L.R
YNL173C	L.L.L
YNL174W	L.L.R
YNL175C	L.R.R.R
YNL176C	L.L.R
YNL177C	L.L.R
YNL178W	L.L.R
YNL179C	R.R
YNL180C	R.L.L
YNL181W	R.L.L
YNL182C	L.R.R.L
YNL183C	R.L.L
YNL184C	L.L.L
YNL185C	L.L.L
YNL186W	L.L.R
YNL187W	L.L.R
YNL188W	L.L.R
YNL189W	L.R.L.R.R
YNL190W	L.L.R
YNL191W	L.L.R
YNL192W	R.R
YNL193W	R.L.R
YNL194C	R.L.R
YNL195C	R.L.R
YNL196C	R.L.L
YNL197C	R.L.L
YNL198C	L.L.R
YNL199C	R.L.L
YNL200C	R.L.R
YNL201C	L.L.R
YNL202W	R.L.L
YNL203C	L.L.R
YNL204C	R.L.L
YNL205C	L.L.R
YNL206C	L.L.R
YNL207W	L.R.R.L
YNL208W	R.L.L
YNL209W	L.R.L.R.R
YNL210W	L.L.R
YNL211C	L.L.L
YNL212W	R.L.L
YNL213C	R.L.L
YNL214W	L.L.L
YNL215W	L.L.L
YNL216W	L.L.R
YNL217W	R.R
YNL218W	R.L.L
YNL219C	L.L.L
YNL220W	L.L.R
YNL221C	L.L.R
YNL222W	L.L.L
YNL223W	R.L.L
YNL224C	R.L.L
YNL225C	R.L.L
YNL226W	L.L.R
YNL227C	L.R.R.L
YNL228W	L.L.R
YNL229C	L.L.R
YNL230C	R.L.L
YNL231C	L.L.R
YNL232W	L.R.L.R.L
YNL233W	L.L.R
YNL234W	R.L.R
YNL235C	L.L.R
YNL236W	L.L.L
YNL237W	R.L.R
YNL238W	R.L.L
YNL239W	L.L.L
YNL240C	L.R.R.L
YNL241C	L.L.R
YNL242W	L.L.R
YNL243W	L.L.R
YNL244C	L.L.R
YNL245C	R.L.L
YNL246W	L.R.L.L.L.R
YNL247W	L.R.L.L.L.R
YNL248C	L.R.R.R
YNL249C	R.L.L
YNL250W	L.L.R
YNL251C	R.R
YNL252C	L.L.L
YNL253W	L.L.L
YNL254C	R.L.L
YNL255C	L.L.R
YNL256W	L.L.R
YNL257C	L.L.R
YNL258C	L.L.R
YNL259C	L.L.R
YNL260C	L.L.R
YNL261W	L.L.R
YNL262W	L.L.R
YNL263C	L.L.R
YNL264C	L.L.L
YNL265C	L.L.R
YNL266W	L.L.R
YNL267W	L.L.R
YNL268W	L.L.R
YNL269W	L.L.R
YNL270C	L.L.R
YNL271C	R.L.L
YNL272C	L.L.R
YNL273W	L.L.R
YNL274C	R.L.R
YNL275W	R.L.R
YNL276C	L.L.R
YNL277W	R.L.L
YNL277W-A	R.R
YNL278W	R.R
YNL279W	R.R
YNL280C	L.R.L.L.L.R
YNL281W	L.L.R
YNL282W	R.R
YNL283C	L.L.R
YNL284C	L.L.L
YNL284C-A	L.L.L
YNL284C-B	L.L.R
YNL285W	L.L.R
YNL286W	L.L.R
YNL287W	L.L.R
YNL288W	L.L.L
YNL289W	L.R.L.R.L
YNL290W	L.L.R
YNL291C	L.L.R
YNL292W	L.R.L.L.R.L
YNL293W	R.L.R
YNL294C	R.L.L
YNL295W	R.L.L
YNL296W	L.L.R
YNL297C	L.L.R
YNL298W	L.L.R
YNL299W	L.L.R
YNL300W	L.R.L.L.L.L.L
YNL301C	L.L.R
YNL302C	L.L.R
YNL303W	L.L.L
YNL304W	L.L.L
YNL305C	R.L.L
YNL306W	L.L.L
YNL307C	L.L.L
YNL308C	L.R.R.L
YNL309W	L.L.R
YNL310C	L.L.L
YNL311C	L.L.R
YNL312W	R.L.L
YNL313C	L.L.R
YNL314W	R.L.L
YNL315C	L.L.L
YNL316C	L.L.L
YNL317W	L.L.L
YNL318C	L.L.R
YNL319W	L.L.R
YNL320W	L.L.L
YNL321W	L.L.L
YNL322C	R.L.L
YNL323W	L.L.R
YNL324W	L.L.R
YNL325C	R.L.L
YNL326C	L.L.L
YNL327W	L.R.L.L.L.R
YNL328C	L.L.R
YNL329C	L.L.R
YNL330C	L.L.R
YNL331C	R.L.L
YNL332W	L.L.R
YNL333W	L.L.R
YNL334C	L.L.R
YNL335W	R.L.L
YNL336W	L.L.R
YNL337W	L.L.R
YNL338W	L.L.R
YNL339C	L.L.R
YNR001C	L.L.R
YNR001W-A	R.L.L
YNR002C	R.L.R
YNR003C	L.R.R.R
YNR003W-A	L.L.R
YNR004W	L.L.R
YNR005C	L.L.R
YNR006W	R.L.L
YNR007C	R.L.R
YNR008W	L.L.R
YNR009W	L.R.R.L
YNR010W	R.R
YNR011C	R.L.L
YNR012W	L.R.R.L
YNR013C	L.R.L.L.R.R
YNR014W	R.L.R
YNR015W	L.L.R
YNR016C	L.R.L.R.R
YNR017W	L.R.L.R.R
YNR018W	L.R.L.R.L
YNR019W	R.L.L
YNR020C	L.L.L
YNR021W	L.R.L.L.L.R
YNR022C	L.L.R
YNR023W	R.L.L
YNR024W	L.R.R.L
YNR025C	L.L.R
YNR026C	L.L.L
YNR027W	L.L.R
YNR028W	L.L.L
YNR029C	L.L.R
YNR030W	L.L.L
YNR031C	R.L.L
YNR032C-A	L.L.R
YNR032W	R.L.L
YNR033W	R.R
YNR034W	R.L.R
YNR034W-A	R.L.R
YNR035C	L.L.R
YNR036C	L.L.R
YNR037C	L.L.R
YNR038W	L.R.R.L
YNR039C	L.L.L
YNR040W	L.L.L
YNR041C	L.L.L
YNR042W	L.L.R
YNR043W	L.L.R
YNR044W	L.L.R
YNR045W	L.L.L
YNR046W	L.R.L.R.L
YNR047W	R.R
YNR048W	R.L.L
YNR049C	L.L.L
YNR050C	L.R.L.L.L.R
YNR051C	R.L.L
YNR052C	L.L.L
YNR053C	L.R.R.L
YNR054C	L.R.R.R
YNR055C	L.R.L.R.R
YNR056C	L.L.R
YNR057C	R.L.L
YNR058W	R.L.L
YNR059W	R.R
YNR060W	R.R
YNR061C	R.L.L
YNR062C	L.L.R
YNR063W	L.L.R
YNR064C	R.R
YNR065C	L.L.R
YNR066C	L.L.R
YNR067C	L.R.L.L.R.R
YNR068C	R.R
YNR069C	R.R
YNR070W	L.L.R
YNR071C	L.L.R
YNR072W	L.L.R
YNR073C	L.L.R
YNR074C	L.L.R
YNR075C-A	L.L.R
YNR075W	R.R
YNR077C	L.L.R
YOL001W	R.L.L
YOL002C	R.L.L
YOL003C	L.L.L
YOL004W	L.L.R
YOL005C	L.L.L
YOL006C	R.R
YOL007C	L.R.R.L
YOL008W	L.L.L
YOL009C	R.L.L
YOL010W	L.R.R.L
YOL011W	R.R
YOL012C	L.L.L
YOL013C	R.L.R
YOL013W-A	R.R
YOL013W-B	L.L.R
YOL014W	L.R.R.L
YOL015W	R.R
YOL016C	R.R
YOL017W	L.L.R
YOL018C	L.L.R
YOL019W	L.L.L
YOL019W-A	R.R
YOL020W	L.L.L
YOL021C	L.R.L.R.R
YOL022C	L.R.R.R
YOL023W	R.L.L
YOL024W	L.L.R
YOL025W	L.L.L
YOL026C	R.L.L
YOL027C	R.L.L
YOL028C	R.L.L
YOL029C	R.L.L
YOL030W	R.L.L
YOL031C	R.L.L
YOL032W	R.L.R
YOL033W	L.L.R
YOL034W	R.L.L
YOL035C	R.L.L
YOL036W	R.R
YOL037C	R.R
YOL038C-A	L.L.R
YOL038W	L.L.R
YOL039W	L.L.R
YOL040C	L.L.R
YOL041C	L.R.R.R
YOL042W	R.L.L
YOL043C	R.L.L
YOL044W	L.L.L
YOL045W	R.L.L
YOL046C	L.L.R
YOL047C	R.L.L
YOL048C	R.L.R
YOL049W	L.R.L.L.R.R
YOL050C	L.L.R
YOL051W	L.L.R
YOL052C	L.R.L.R.L
YOL052C-A	R.L.R
YOL053W	L.L.L
YOL054W	L.L.R
YOL055C	L.L.R
YOL056W	L.L.L
YOL057W	L.L.R
YOL058W	L.R.R.R
YOL059W	L.L.R
YOL060C	R.L.R
YOL061W	L.R.L.R.R
YOL062C	L.L.L
YOL063C	L.L.R
YOL064C	L.L.R
YOL065C	R.L.L
YOL066C	L.L.R
YOL067C	R.L.L
YOL068C	R.L.L
YOL069W	L.L.L
YOL070C	L.L.L
YOL071W	R.L.L
YOL072W	L.L.R
YOL073C	R.L.R
YOL075C	L.L.R
YOL076W	R.L.L
YOL077C	L.R.R.R
YOL077W-A	L.L.R
YOL078W	R.R
YOL079W	R.R
YOL080C	L.R.R.L
YOL081W	R.R
YOL082W	R.L.R
YOL083C-A	L.L.R
YOL083W	L.L.L
YOL084W	R.R
YOL085C	R.R
YOL085W-A	R.R
YOL086C	L.L.R
YOL086W-A	L.L.R
YOL087C	L.L.R
YOL088C	L.L.L
YOL089C	R.R
YOL090W	R.L.L
YOL091W	L.L.R
YOL092W	L.R.L.L.L.R
YOL093W	L.R.L.L.R.L
YOL094C	L.L.L
YOL095C	L.L.L
YOL096C	L.L.L
YOL097C	L.R.L.R.R
YOL097W-A	L.L.R
YOL098C	L.L.L
YOL099C	L.L.R
YOL100W	R.L.L
YOL101C	L.L.R
YOL102C	L.R.L.R.R
YOL103W	L.L.R
YOL103W-A	L.L.R
YOL103W-B	L.L.R
YOL104C	L.L.R
YOL105C	L.L.L
YOL106W	R.R
YOL107W	L.L.L
YOL108C	R.L.L
YOL109W	L.L.R
YOL110W	R.L.L
YOL111C	R.L.L
YOL112W	R.L.L
YOL113W	R.L.R
YOL114C	R.R
YOL115W	L.L.R
YOL116W	R.R
YOL117W	R.R
YOL118C	R.R
YOL119C	R.L.L
YOL120C	L.R.L.R.R
YOL121C	L.R.L.R.R
YOL122C	L.L.R
YOL123W	L.R.R.L
YOL124C	L.R.R.R
YOL125W	L.R.R.L
YOL126C	R.L.R
YOL127W	L.L.R
YOL128C	R.R
YOL129W	L.L.R
YOL130W	R.R
YOL131W	R.L.L
YOL132W	L.L.R
YOL133W	L.L.R
YOL134C	R.L.L
YOL135C	L.L.L
YOL136C	L.L.R
YOL137W	L.L.R
YOL138C	L.L.R
YOL139C	L.L.R
YOL140W	L.L.R
YOL141W	L.L.R
YOL142W	L.L.R
YOL143C	L.L.R
YOL144W	L.R.R.L
YOL145C	L.R.L.R.R
YOL146W	L.L.L
YOL147C	L.L.L
YOL148C	R.L.L
YOL149W	L.L.L
YOL150C	L.L.R
YOL151W	R.L.R
YOL152W	L.L.L
YOL153C	R.L.R
YOL154W	R.L.L
YOL155C	R.L.L
YOL155W-A	L.L.R
YOL156W	L.L.R
YOL157C	L.L.R
YOL158C	L.L.R
YOL159C	L.L.R
YOL159C-A	L.L.R
YOL160W	L.L.R
YOL161C	R.L.L
YOL162W	L.L.R
YOL163W	L.L.R
YOL164W	L.L.R
YOL164W-A	L.L.R
YOL165C	L.R.R.L
YOL166C	L.L.R
YOL166W-A	L.L.R
YOR001W	L.R.L.R.L
YOR002W	L.L.L
YOR003W	R.L.L
YOR004W	L.R.R.R
YOR005C	R.R
YOR006C	L.R.R.L
YOR007C	L.L.R
YOR008C	R.L.L
YOR008C-A	L.L.R
YOR008W-B	L.L.R
YOR009W	R.R
YOR010C	R.L.L
YOR011W	L.L.R
YOR011W-A	L.L.R
YOR012W	L.L.L
YOR013W	L.L.L
YOR014W	R.L.L
YOR015W	R.L.L
YOR016C	L.L.L
YOR017W	L.L.R
YOR018W	R.L.R
YOR019W	R.L.L
YOR020C	L.L.R
YOR020W-A	R.L.L
YOR021C	L.R.L.R.R
YOR022C	L.L.R
YOR023C	R.L.L
YOR024W	R.L.L
YOR025W	L.L.R
YOR026W	L.L.R
YOR027W	L.L.R
YOR028C	L.L.L
YOR029W	L.L.R
YOR030W	R.L.L
YOR031W	R.L.L
YOR032C	R.L.L
YOR032W-A	R.R
YOR033C	R.R
YOR034C	R.L.L
YOR034C-A	R.L.L
YOR035C	R.L.R
YOR036W	R.L.R
YOR037W	R.L.L
YOR038C	R.L.L
YOR039W	L.L.R
YOR040W	R.L.L
YOR041C	R.R
YOR042W	L.L.R
YOR043W	R.L.L
YOR044W	R.L.L
YOR045W	L.L.R
YOR046C	L.R.L.R.L
YOR047C	R.L.L
YOR048C	L.L.R
YOR049C	L.L.R
YOR050C	R.R
YOR051C	L.R.R.L
YOR052C	R.L.L
YOR053W	L.L.R
YOR054C	R.L.R
YOR055W	R.L.L
YOR056C	L.R.R.L
YOR057W	R.L.L
YOR058C	R.L.L
YOR059C	R.L.L
YOR060C	L.L.R
YOR061W	R.L.L
YOR062C	R.L.R
YOR063W	L.L.R
YOR064C	R.L.L
YOR065W	L.L.R
YOR066W	R.L.L
YOR067C	L.L.L
YOR068C	L.L.R
YOR069W	R.L.R
YOR070C	L.L.L
YOR071C	L.L.R
YOR072W	L.L.R
YOR072W-A	R.R
YOR072W-B	R.R
YOR073W	L.R.L.R.R
YOR073W-A	L.L.R
YOR074C	L.L.R
YOR075W	R.L.L
YOR076C	R.L.L
YOR077W	L.L.R
YOR078W	L.R.R.R
YOR079C	L.L.L
YOR080W	R.L.L
YOR081C	L.L.L
YOR082C	L.L.R
YOR083W	L.L.R
YOR084W	L.L.R
YOR085W	L.L.R
YOR086C	L.R.L.L.L.R
YOR087W	L.L.L
YOR089C	R.L.L
YOR090C	L.L.R
YOR091W	L.R.R.L
YOR092W	R.R
YOR093C	L.L.R
YOR094W	L.L.L
YOR095C	L.R.R.R
YOR096W	L.R.L.R.R
YOR097C	R.L.L
YOR098C	L.L.R
YOR099W	R.L.L
YOR100C	R.L.L
YOR101W	L.R.R.L
YOR102W	L.L.R
YOR103C	L.L.R
YOR104W	R.R
YOR105W	R.L.L
YOR106W	L.L.R
YOR107W	R.R
YOR108C-A	L.L.R
YOR108W	L.R.R.R
YOR109W	L.L.R
YOR110W	R.L.L
YOR111W	R.L.L
YOR112W	L.L.L
YOR113W	R.L.R
YOR114W	R.L.L
YOR115C	L.R.L.R.R
YOR116C	L.L.R
YOR117W	R.L.L
YOR118W	L.L.L
YOR119C	R.R
YOR120W	R.L.R
YOR121C	R.L.L
YOR122C	L.L.R
YOR123C	L.L.R
YOR124C	L.L.L
YOR125C	L.L.L
YOR126C	L.L.L
YOR127W	R.L.L
YOR128C	L.L.R
YOR129C	L.L.R
YOR130C	L.L.L
YOR131C	R.L.L
YOR132W	R.L.L
YOR133W	L.L.R
YOR134W	R.L.R
YOR135C	L.L.R
YOR136W	L.L.R
YOR137C	R.R
YOR138C	L.L.L
YOR139C	R.L.L
YOR140W	R.L.L
YOR141C	L.L.R
YOR142W	L.L.L
YOR142W-A	L.L.R
YOR142W-B	L.L.R
YOR143C	L.R.L.L.R.L
YOR144C	L.L.R
YOR145C	L.R.R.L
YOR146W	L.L.R
YOR147W	R.L.L
YOR148C	L.L.R
YOR149C	L.L.R
YOR150W	L.L.L
YOR151C	R.L.L
YOR152C	L.L.L
YOR153W	L.L.R
YOR154W	L.L.R
YOR155C	L.L.L
YOR156C	R.L.L
YOR157C	L.L.L
YOR158W	L.L.L
YOR159C	L.L.L
YOR160W	L.L.L
YOR161C	L.L.L
YOR161C-C	R.R
YOR161W-A	L.L.R
YOR161W-B	L.L.R
YOR162C	R.L.L
YOR163W	L.L.L
YOR164C	L.L.L
YOR165W	L.L.L
YOR166C	L.L.L
YOR167C	L.L.R
YOR168W	L.R.L.R.R
YOR169C	L.L.R
YOR170W	L.L.R
YOR171C	L.L.L
YOR172W	R.L.L
YOR173W	R.L.R
YOR174W	L.L.R
YOR175C	L.L.L
YOR176W	R.L.L
YOR177C	R.L.L
YOR178C	R.L.R
YOR179C	L.R.L.L.R.R
YOR180C	L.L.R
YOR181W	L.L.L
YOR182C	L.L.R
YOR183W	L.L.R
YOR184W	L.R.L.L.L.R
YOR185C	L.L.L
YOR186C-A	R.L.L
YOR186W	R.L.L
YOR187W	L.L.L
YOR188W	L.R.L.R.R
YOR189W	L.L.R
YOR190W	L.L.R
YOR191W	L.L.R
YOR192C	L.L.R
YOR192C-A	R.R
YOR192C-B	R.L.L
YOR192C-C	L.L.R
YOR193W	L.L.R
YOR194C	L.L.R
YOR195W	L.L.R
YOR196C	R.L.L
YOR197W	R.L.L
YOR198C	L.L.R
YOR199W	R.R
YOR200W	R.L.L
YOR201C	L.L.R
YOR202W	L.L.R
YOR203W	L.R.L.R.L
YOR204W	R.L.L
YOR205C	L.R.L.R.R
YOR206W	L.R.R.R
YOR207C	L.L.R
YOR208W	R.R
YOR209C	L.L.R
YOR210W	L.L.R
YOR211C	R.L.L
YOR212W	R.L.L
YOR213C	R.R
YOR214C	R.L.L
YOR215C	L.L.L
YOR216C	L.L.R
YOR217W	L.R.L.R.R
YOR218C	L.L.R
YOR219C	R.R
YOR220W	R.L.R
YOR221C	R.L.L
YOR222W	L.R.L.L.L.R
YOR223W	R.L.R
YOR224C	L.L.R
YOR225W	L.L.R
YOR226C	L.L.L
YOR227W	R.L.L
YOR228C	R.L.R
YOR229W	R.L.L
YOR230W	R.L.L
YOR231C-A	R.L.L
YOR231W	R.L.L
YOR232W	L.L.L
YOR233W	R.L.L
YOR234C	L.L.R
YOR235W	L.L.R
YOR236W	L.L.R
YOR237W	R.L.L
YOR238W	L.L.L
YOR239W	R.L.L
YOR241W	L.L.L
YOR242C	L.L.R
YOR243C	L.R.R.L
YOR244W	R.L.L
YOR245C	R.L.L
YOR246C	L.R.R.L
YOR247W	L.R.L.L.L.R
YOR248W	L.R.L.L.L.R
YOR249C	L.L.R
YOR250C	R.L.L
YOR251C	L.L.L
YOR252W	L.R.R.L
YOR253W	L.R.L.R.R
YOR254C	L.L.R
YOR255W	R.L.L
YOR256C	R.L.L
YOR257W	R.L.L
YOR258W	L.L.R
YOR259C	R.L.L
YOR260W	L.L.L
YOR261C	R.L.L
YOR262W	L.L.R
YOR263C	L.L.R
YOR264W	L.R.L.R.R
YOR265W	L.L.L
YOR266W	L.L.R
YOR267C	R.L.R
YOR268C	L.L.R
YOR269W	R.R
YOR270C	L.L.R
YOR271C	L.R.R.L
YOR272W	L.R.R.R
YOR273C	R.L.R
YOR274W	L.L.R
YOR275C	L.L.R
YOR276W	L.L.R
YOR277C	L.L.R
YOR278W	L.R.L.R.R
YOR279C	R.L.L
YOR280C	L.L.L
YOR281C	L.L.L
YOR282W	L.L.R
YOR283W	L.L.R
YOR284W	L.L.R
YOR285W	L.L.R
YOR286W	L.L.R
YOR287C	L.R.R.L
YOR288C	R.L.R
YOR289W	R.L.R
YOR290C	R.L.L
YOR291W	L.L.L
YOR292C	R.L.R
YOR293C-A	L.L.R
YOR293W	L.L.R
YOR294W	L.R.R.R
YOR295W	L.R.L.R.L
YOR296W	L.L.R
YOR297C	L.L.R
YOR298C-A	L.L.R
YOR298W	L.L.R
YOR299W	R.R
YOR300W	R.R
YOR301W	L.R.L.R.R
YOR302W	L.L.R
YOR303W	R.L.L
YOR304C-A	L.R.L.R.R
YOR304W	L.L.R
YOR305W	L.L.R
YOR306C	R.R
YOR307C	L.R.R.L
YOR308C	R.R
YOR309C	L.R.R.L
YOR310C	L.R.R.R
YOR311C	L.L.R
YOR312C	L.L.R
YOR313C	R.R
YOR314W	L.L.R
YOR314W-A	L.L.R
YOR315W	L.R.R.L
YOR316C	L.L.L
YOR316C-A	R.L.L
YOR317W	L.L.L
YOR318C	L.L.R
YOR319W	L.L.R
YOR320C	L.L.L
YOR321W	R.L.L
YOR322C	R.L.L
YOR323C	L.L.L
YOR324C	R.L.L
YOR325W	R.L.L
YOR326W	L.R.L.R.R
YOR327C	L.L.L
YOR328W	R.R
YOR329C	R.L.L
YOR329W-A	R.R
YOR330C	R.L.L
YOR331C	L.L.R
YOR332W	L.L.R
YOR333C	R.L.L
YOR334W	L.L.L
YOR335C	L.R.L.R.L
YOR335W-A	L.L.R
YOR336W	R.L.L
YOR337W	L.L.R
YOR338W	R.R
YOR339C	L.L.R
YOR340C	L.R.R.R
YOR341W	L.R.R.R
YOR342C	L.R.R.R
YOR343C	R.L.L
YOR343W-A	R.R
YOR343W-B	R.L.L
YOR344C	R.R
YOR345C	L.L.R
YOR346W	L.L.R
YOR347C	R.L.R
YOR348C	L.L.R
YOR349W	L.L.R
YOR350C	L.L.R
YOR351C	L.L.R
YOR352W	L.L.L
YOR353C	L.L.R
YOR354C	L.L.L
YOR355W	L.R.L.L.L.R
YOR356W	L.R.L.L.R.R
YOR357C	L.L.R
YOR358W	L.L.L
YOR359W	L.R.R.L
YOR360C	L.L.R
YOR361C	L.R.L.R.R
YOR362C	L.L.R
YOR363C	R.L.L
YOR364W	R.L.L
YOR365C	L.L.R
YOR366W	L.L.R
YOR367W	L.L.L
YOR368W	R.L.L
YOR369C	L.L.R
YOR370C	L.R.L.R.R
YOR371C	R.L.L
YOR372C	R.L.L
YOR373W	L.L.R
YOR374W	L.L.L
YOR375C	L.R.L.L.L.R
YOR376W	L.L.R
YOR376W-A	R.R
YOR377W	R.R
YOR378W	L.L.R
YOR379C	L.L.R
YOR380W	R.R
YOR381W	R.R
YOR381W-A	R.R
YOR382W	R.L.L
YOR383C	R.R
YOR384W	L.L.R
YOR385W	R.R
YOR386W	R.L.R
YOR387C	L.L.R
YOR388C	R.L.L
YOR389W	R.L.L
YOR390W	L.L.R
YOR391C	L.L.R
YOR392W	L.L.R
YOR393W	L.L.R
YOR394C-A	L.L.R
YOR394W	R.L.L
YPL001W	R.L.L
YPL002C	L.L.R
YPL003W	R.L.R
YPL004C	L.L.R
YPL005W	R.R
YPL006W	R.L.L
YPL007C	R.L.L
YPL008W	R.R
YPL009C	R.R
YPL010W	L.L.R
YPL011C	L.L.L
YPL012W	L.R.R.L
YPL013C	L.L.R
YPL014W	R.R
YPL015C	R.L.R
YPL016W	R.L.L
YPL017C	R.L.R
YPL018W	L.L.R
YPL019C	R.L.L
YPL020C	R.R
YPL021W	R.L.L
YPL022W	R.R
YPL023C	R.L.L
YPL024W	L.L.R
YPL025C	L.L.R
YPL026C	L.L.L
YPL027W	R.L.L
YPL028W	L.L.R
YPL029W	L.L.L
YPL030W	L.R.R.L
YPL031C	L.L.L
YPL032C	L.L.R
YPL033C	L.L.R
YPL034W	R.R
YPL035C	R.L.L
YPL036W	L.L.R
YPL037C	L.L.R
YPL038W	R.L.L
YPL038W-A	R.L.L
YPL039W	R.L.L
YPL040C	L.L.L
YPL041C	L.L.R
YPL042C	L.L.R
YPL043W	L.R.R.R
YPL044C	R.L.L
YPL045W	R.R
YPL046C	L.L.L
YPL047W	L.L.L
YPL048W	L.L.R
YPL049C	R.R
YPL050C	L.L.R
YPL051W	R.L.L
YPL052W	L.L.R
YPL053C	L.L.R
YPL054W	R.R
YPL055C	R.L.L
YPL056C	R.L.L
YPL057C	R.R
YPL058C	R.R
YPL059W	L.L.R
YPL060C-A	L.L.R
YPL060W	R.L.L
YPL061W	L.L.R
YPL062W	R.R
YPL063W	L.R.L.R.R
YPL064C	L.L.L
YPL065W	L.L.L
YPL066W	R.L.L
YPL067C	R.L.L
YPL068C	L.R.R.L
YPL069C	L.L.L
YPL070W	L.L.L
YPL071C	L.L.L
YPL072W	L.L.R
YPL073C	L.L.R
YPL074W	R.L.L
YPL075W	R.R
YPL076W	L.L.L
YPL077C	R.L.L
YPL078C	L.L.R
YPL079W	L.L.R
YPL080C	L.L.R
YPL081W	L.L.R
YPL082C	R.R
YPL083C	L.L.R
YPL084W	L.L.L
YPL085W	R.L.L
YPL086C	L.R.R.R
YPL087W	R.L.L
YPL088W	L.L.R
YPL089C	R.L.L
YPL090C	L.R.L.R.R
YPL091W	L.L.R
YPL092W	L.L.R
YPL093W	L.R.R.L
YPL094C	L.L.R
YPL095C	R.L.L
YPL096C-A	L.L.L
YPL096W	L.L.L
YPL097W	L.L.L
YPL098C	L.L.L
YPL099C	L.L.L
YPL100W	R.L.R
YPL101W	L.L.L
YPL102C	R.L.L
YPL103C	L.L.L
YPL104W	L.L.R
YPL105C	R.L.L
YPL106C	L.L.R
YPL107W	R.L.L
YPL108W	L.R.R.L
YPL109C	L.L.L
YPL110C	R.L.L
YPL111W	L.L.R
YPL112C	L.R.L.R.L
YPL113C	L.L.L
YPL114W	R.R
YPL115C	R.R
YPL116W	L.L.L
YPL117C	L.L.R
YPL118W	L.L.R
YPL119C	R.L.L
YPL119C-A	R.L.L
YPL120W	L.L.L
YPL121C	L.L.R
YPL122C	L.L.R
YPL123C	R.L.R
YPL124W	R.L.L
YPL125W	L.L.R
YPL126W	L.R.R.R
YPL127C	L.L.L
YPL128C	L.L.L
YPL129W	L.L.L
YPL130W	L.L.R
YPL131W	L.L.R
YPL132W	L.L.L
YPL133C	L.L.R
YPL134C	L.L.L
YPL135C-A	L.L.R
YPL135W	L.L.R
YPL136W	R.R
YPL137C	R.L.L
YPL138C	R.L.L
YPL139C	L.L.L
YPL140C	L.L.R
YPL141C	R.L.L
YPL142C	L.L.R
YPL143W	L.L.R
YPL144W	L.R.L.L.R.L
YPL145C	L.L.R
YPL146C	L.R.R.L
YPL147W	R.R
YPL148C	L.L.R
YPL149W	R.R
YPL150W	R.L.L
YPL151C	R.L.L
YPL152W	R.L.L
YPL152W-A	L.L.R
YPL153C	R.L.L
YPL154C	L.L.R
YPL155C	L.L.R
YPL156C	R.R
YPL157W	L.L.R
YPL158C	L.R.L.R.R
YPL159C	R.L.L
YPL160W	L.R.L.L.L.R
YPL161C	L.L.L
YPL162C	R.L.L
YPL163C	L.R.R.R
YPL164C	R.L.L
YPL165C	L.L.R
YPL166W	R.L.R
YPL167C	L.L.R
YPL168W	R.L.L
YPL169C	R.L.L
YPL170W	R.L.L
YPL171C	R.L.L
YPL172C	L.L.L
YPL173W	L.L.L
YPL174C	L.L.R
YPL175W	L.L.R
YPL176C	L.L.L
YPL177C	L.L.R
YPL178W	L.L.L
YPL179W	R.L.L
YPL180W	L.L.R
YPL181W	R.L.L
YPL182C	L.L.R
YPL183C	L.R.R.L
YPL183W-A	L.L.L
YPL184C	R.L.L
YPL185W	L.L.R
YPL186C	R.L.R
YPL187W	L.L.R
YPL188W	L.L.L
YPL189C-A	L.L.R
YPL189W	L.L.R
YPL190C	R.L.L
YPL191C	L.L.L
YPL192C	R.L.L
YPL193W	L.R.R.L
YPL194W	L.L.R
YPL195W	L.L.R
YPL196W	R.L.R
YPL197C	L.L.R
YPL198W	L.R.L.R.R
YPL199C	L.R.L.L.L.L.R.L
YPL200W	L.L.R
YPL201C	L.L.R
YPL202C	R.L.L
YPL203W	R.L.R
YPL204W	R.L.L
YPL205C	R.L.L
YPL206C	L.L.L
YPL207W	L.R.R.L
YPL208W	L.L.L
YPL209C	L.L.R
YPL210C	L.R.L.R.R
YPL211W	L.R.R.R
YPL212C	L.R.R.L
YPL213W	L.L.L
YPL214C	L.R.L.R.R
YPL215W	L.L.L
YPL216W	R.L.L
YPL217C	L.R.R.R
YPL218W	L.L.R
YPL219W	R.L.R
YPL220W	L.R.L.L.L.R
YPL221W	R.L.L
YPL222C-A	R.L.L
YPL222W	R.L.L
YPL223C	R.R
YPL224C	R.L.L
YPL225W	L.L.R
YPL226W	L.R.R.L
YPL227C	L.R.R.L
YPL228W	L.L.L
YPL229W	L.L.L
YPL230W	R.L.R
YPL231W	L.R.L.L.L.R
YPL232W	R.L.L
YPL233W	R.R
YPL234C	L.L.R
YPL235W	L.L.L
YPL236C	R.L.R
YPL237W	L.L.R
YPL238C	L.L.R
YPL239W	R.L.L
YPL240C	L.L.R
YPL241C	R.R
YPL242C	L.R.R.L
YPL243W	L.L.R
YPL244C	R.L.L
YPL245W	L.R.R.L
YPL246C	L.L.R
YPL247C	R.L.R
YPL248C	L.L.R
YPL249C	R.L.R
YPL249C-A	L.L.R
YPL250C	R.R
YPL250W-A	R.R
YPL251W	L.L.R
YPL252C	L.R.L.L.R.L
YPL253C	L.L.R
YPL254W	L.L.R
YPL255W	L.L.R
YPL256C	L.R.L.R.L
YPL257W	L.L.L
YPL257W-B	L.L.R
YPL258C	R.L.L
YPL259C	R.L.L
YPL260W	R.L.L
YPL261C	R.L.L
YPL262W	L.L.L
YPL263C	L.R.L.R.L
YPL264C	L.L.R
YPL265W	L.R.L.L.L.L.R.R
YPL266W	L.R.R.R
YPL267W	L.L.L
YPL268W	L.L.R
YPL269W	L.L.R
YPL270W	L.L.R
YPL271W	L.L.R
YPL272C	R.R
YPL273W	L.R.L.R.R
YPL274W	L.R.L.L.L.R
YPL275W	L.L.R
YPL276W	L.L.R
YPL277C	R.L.L
YPL278C	R.L.L
YPL279C	L.L.R
YPL280W	L.L.R
YPR001W	L.L.R
YPR002C-A	R.L.L
YPR002W	L.L.R
YPR003C	R.L.L
YPR004C	L.L.L
YPR005C	R.L.L
YPR006C	R.L.L
YPR007C	L.L.R
YPR008W	R.L.L
YPR009W	L.L.R
YPR010C	L.R.R.R
YPR010C-A	L.L.R
YPR011C	L.L.R
YPR012W	R.L.L
YPR013C	R.L.L
YPR014C	R.L.L
YPR015C	R.L.L
YPR016C	L.L.R
YPR016W-A	L.L.R
YPR017C	L.L.R
YPR018W	R.R
YPR019W	L.L.R
YPR020W	L.L.R
YPR021C	L.L.R
YPR022C	R.L.L
YPR023C	L.L.R
YPR024W	R.L.L
YPR025C	R.L.L
YPR026W	R.L.R
YPR027C	L.L.R
YPR028W	L.L.R
YPR029C	L.L.R
YPR030W	R.L.L
YPR031W	L.L.R
YPR032W	L.L.L
YPR033C	L.R.L.R.L
YPR034W	L.L.R
YPR035W	L.R.L.L.R.R
YPR036W	L.R.L.R.R
YPR036W-A	L.L.R
YPR037C	L.L.L
YPR038W	R.R
YPR039W	R.R
YPR040W	R.L.L
YPR041W	L.L.R
YPR042C	L.L.R
YPR043W	L.L.R
YPR044C	L.L.R
YPR045C	R.L.L
YPR046W	R.L.L
YPR047W	L.L.L
YPR048W	L.R.L.R.L
YPR049C	R.L.L
YPR050C	L.L.R
YPR051W	L.R.L.R.R
YPR052C	L.L.R
YPR053C	L.L.R
YPR054W	L.L.R
YPR055W	R.L.L
YPR056W	L.L.L
YPR057W	L.L.R
YPR058W	L.R.L.L.R.L
YPR059C	L.L.R
YPR060C	L.L.L
YPR061C	R.L.L
YPR062W	L.L.R
YPR063C	L.L.R
YPR064W	R.R
YPR065W	L.L.R
YPR066W	L.L.R
YPR067W	L.L.L
YPR068C	L.L.R
YPR069C	L.L.R
YPR070W	L.L.R
YPR071W	L.L.R
YPR072W	L.L.R
YPR073C	L.L.L
YPR074C	L.L.R
YPR074W-A	R.R
YPR075C	R.L.L
YPR076W	L.L.R
YPR077C	R.L.L
YPR078C	R.L.L
YPR079W	R.L.R
YPR080W	L.L.R
YPR081C	R.L.L
YPR082C	L.L.L
YPR083W	L.L.L
YPR084W	R.L.L
YPR085C	R.R
YPR086W	R.L.L
YPR087W	L.L.R
YPR088C	L.L.R
YPR089W	L.L.L
YPR091C	L.L.L
YPR092W	R.L.L
YPR093C	R.L.R
YPR094W	R.L.L
YPR095C	R.L.L
YPR096C	L.L.R
YPR097W	L.L.R
YPR098C	L.L.R
YPR099C	R.R
YPR100W	L.L.R
YPR101W	R.L.L
YPR102C	L.R.L.R.R
YPR103W	L.L.R
YPR104C	L.L.R
YPR105C	L.L.R
YPR106W	L.L.L
YPR107C	R.L.L
YPR108W	L.L.L
YPR108W-A	L.L.R
YPR109W	R.L.L
YPR110C	L.R.R.R
YPR111W	R.L.L
YPR112C	L.R.R.R
YPR113W	L.L.R
YPR114W	L.L.R
YPR115W	R.L.R
YPR116W	R.R
YPR117W	R.L.L
YPR118W	L.R.L.L.L.L.R.L
YPR119W	L.R.L.R.R
YPR120C	L.L.R
YPR121W	L.L.R
YPR122W	L.L.R
YPR123C	L.L.R
YPR124W	L.L.R
YPR125W	R.R
YPR126C	R.L.L
YPR127W	L.L.R
YPR128C	L.R.L.R.R
YPR129W	L.L.L
YPR130C	L.L.R
YPR131C	L.R.L.L.R.R
YPR132W	L.L.R
YPR133C	L.L.R
YPR133W-A	L.L.R
YPR134W	R.L.L
YPR135W	L.L.R
YPR136C	L.L.R
YPR137C-B	R.L.L
YPR137W	L.R.R.L
YPR138C	L.L.R
YPR139C	L.R.L.R.R
YPR140W	L.L.L
YPR141C	R.R
YPR142C	L.L.R
YPR143W	L.R.R.L
YPR144C	L.R.R.R
YPR145C-A	R.R
YPR145W	L.L.R
YPR146C	L.R.L.R.R
YPR147C	L.L.L
YPR148C	L.L.R
YPR149W	L.L.R
YPR150W	L.L.R
YPR151C	R.L.R
YPR152C	R.R
YPR153W	R.R
YPR154W	R.L.L
YPR155C	L.L.L
YPR156C	L.L.L
YPR157W	R.R
YPR158C-C	L.L.R
YPR158C-D	L.L.R
YPR158W	R.L.L
YPR158W-B	L.L.R
YPR159C-A	L.L.R
YPR159W	L.L.R
YPR160C-A	L.L.R
YPR160W	L.L.L
YPR160W-A	L.L.R
YPR161C	L.L.L
YPR162C	L.L.L
YPR163C	L.R.L.R.R
YPR164W	L.L.R
YPR165W	L.L.R
YPR166C	L.L.L
YPR167C	R.R
YPR168W	R.R
YPR169W	L.L.R
YPR169W-A	R.R
YPR170C	R.L.L
YPR170W-A	R.R
YPR170W-B	L.L.R
YPR171W	L.L.L
YPR172W	L.L.L
YPR173C	R.L.L
YPR174C	R.R
YPR175W	R.R
YPR176C	L.L.R
YPR177C	L.L.R
YPR178W	R.L.L
YPR179C	L.L.L
YPR180W	L.L.L
YPR181C	L.L.R
YPR182W	R.L.L
YPR183W	L.L.R
YPR184W	R.L.R
YPR185W	R.R
YPR186C	L.L.R
YPR187W	L.L.L
YPR188C	L.L.L
YPR189W	L.L.L
YPR190C	L.R.R.L
YPR191W	L.L.R
YPR192W	L.L.L
YPR193C	R.L.L
YPR194C	R.L.L
YPR195C	L.L.R
YPR196W	L.L.R
YPR197C	L.L.R
YPR198W	L.L.R
YPR199C	L.L.R
YPR200C	L.L.R
YPR201W	L.L.R
YPR202W	L.L.R
YPR203W	L.L.R
YPR204W	L.L.R
